料號	品名	類別	單位	出貨價
A010063	AMSULBER INJ CYH 1.5GM*10V	慢性處方	盒	630
A010087	AMOCLAV INJ CYH 1.2GM*10V	慢性處方	盒	550
A010197	AMOCLAV INJ CYH 0.6GM*10V	慢性處方	盒	230
A010599	ANBICYN INJ. 0.6GM*10V	慢性處方	盒	690
A010939	ANBICYN INJ. 1.2GM*10V	慢性處方	盒	640
A020569	ANBICYN F.C.T. 625MG120T/PTP	慢性處方	盒	470
A021096	AMOXICILLIN 250MG 1000/PTP	慢性處方	盒	790
A024202	AMOXICILLIN 250MG 1000/BTL	慢性處方	瓶	390
A024226	AMOXICILLIN 500MG 1000C/BTL	慢性處方	瓶	350
B060234	ADRENALIN 1MG 1ML*50AMP	慢性處方	盒	220
B290349	AGGLUTEX INJ. 5000U 10ML*25V	慢性處方	盒	510
B290435	AGGLUTEX 1000U. 5ML*10VIAL	慢性處方	盒	600
B290442	AGGLUTEX INJ. 5000U.5ML*10V	慢性處方	盒	510
B450581	BOLENIC FOR INF. 4MG2ML*VIAL	慢性處方	盒	400
C020011	AZICIIN TAB. 250MG 6T/PTP	慢性處方	盒	170
C020028	AZICIIN TAB. 250MG 100T/BTL	慢性處方	瓶	290
C130082-S1	金舒胃平二層錠 20T/BOX	一般用藥	盒	440
C140045	ACYLETE TAB. 400MG 800T/PTP	慢性處方	盒	270
C140708	ACYLETE TAB. 400MG 100T/BTL	慢性處方	瓶	440
C140980	ACYLETE TAB. 200MG 25T/BTL	慢性處方	瓶	150
C160030	ALPRAZOLAM TAB.0.5MG CYH 1000T/PTP	慢性處方	盒	420
C160126	ARIZOLE TAB. 10MG 30T/PTP	慢性處方	盒	480
C160140	ADHOOD ER TAB 18MG 30T/BTL	慢性處方	瓶	150
C160171	ADHOOD ER TAB. 27MG 30T/BTL	慢性處方	瓶	680
C160188	ADHOOD ER TAB. 36MG 30T/BTL	慢性處方	瓶	760
C160308	ARIZOLE TAB. 5MG 30T/PTP	慢性處方	盒	610
C160638	5-HTP CAP. 100MG 50C/BTL	慢性處方	瓶	370
C240118	ACARBOSE FCT 50MG 500T/PTP	慢性處方	盒	590
C330060	AMLODIPINE TAB.5MG 30T/PTP	慢性處方	盒	270
C330077	AMLODIPINE TAB. 5MG 600T/PTP	慢性處方	盒	720
C330163	ATOTY FCT 10MG 30T/BTL	慢性處方	瓶	660
C330307	ATOROTY F.C.T. 20MG 840T/PTP	慢性處方	盒	270
C330448	ATOTY F.C.TAB. 40MG 700T/PTP	慢性處方	盒	790
C330462	ATOTY F.C.TAB. 10MG 700T/PTP	慢性處方	盒	340
C400013	BIDYL E.S.C.T 20T/PTP	慢性處方	盒	700
C400824	BIDYL E.S.C.T 100T/P.T.P	慢性處方	盒	340
C490115	虎讚 Zan tab.20MG 4T/PTP	慢性處方	盒	350
C490122	雄固 Slivigy FCT 30MG 4T/PTP	慢性處方	盒	780
C490139	虎讚_醫診通路 Zan tab.20MG 4T/PTP	慢性處方	盒	770
C490146	雄固_醫診通路 slivigy tab.30MG 4T/PTP	慢性處方	盒	680
C490191	虎讚 Zan tab.5MG 28T/PTP	慢性處方	盒	270
C500076	Bifesda F.C Tablets 200mg 28T/PTP	慢性處方	盒	380
C735746	ARCDONE F.C TAB 5MG 28T/PTP	慢性處方	盒	740
D140503	ANTI-A 500ML	醫材	瓶	220
D390232	強力施美藥膏組合 30g+5g*4 TUBE/BOX	一般用藥	盒	380
D471407	乾洗手潔手凝露75% 500ML/BTL（D471407）	日用品	瓶	330
F530113	AMIYU 200ML*20V	慢性處方	箱	500
F534698	AMINOPOLY-H INJ. 500ML*20V	慢性處方	箱	690
F702509	低周波HV-F127 1SET	醫材	組	350
F702516	低周波HV-F128 1SET	醫材	組	780
F702695	低週波貼片HV-LLPAD 1SET	醫材	組	2870
F740570	軟式壓脈帶接頭灰色 0679326-0 1PS	醫材	個	650
F740697	隧道式血壓計用桌椅1SET	醫材	組	2540
F740752	AB纖菌素 30PK/BOX	保健品	盒	670
F741825	硬式壓脈帶A接頭 17-36(單一尺寸) HEM-FM31	醫材	個	830
F741856-30	速達優力酸痛貼布 6PS/PACK	一般用藥	包	190
F742015	欣樂樂愛思 50T/BTL（F742015）	保健品	瓶	550
F742015-30	欣樂樂愛思 50T/BTL（F742015-30）	保健品	瓶	760
F742039	霧化器組與口含管 1SET	醫材	組	510
F742163	新壓脈帶接頭 1PS	醫材	個	370
F742338-30	BERODUAL N 1 PS/BOX	慢性處方	盒	450
F742455	倍多喜C片 50T/BTL	保健品	瓶	1040
F744969-30	速達酸痛貼布 6PS/PACK	一般用藥	包	220
F745575	耐熱吸器管(L)150C M 1PS	醫材	個	220
F746002	軟式壓脈帶(S號) 1PS	醫材	個	700
F746796	活性碳前置濾網 1PC	醫材	個	730
F746813	主濾網（單品，三選一） ODORS 臭味加強型	醫材	個	820
F747216	乾洗手塑膠框附螺絲	日用品	個	200
F747326	欣樂樂愛思 18T/BTL（F747326）	保健品	瓶	930
F747326-30	欣樂樂愛思 18T/BTL（F747326-30）	保健品	瓶	1170
F747814	樺達軟喉糖(薄荷)50g	一般用藥	個	240
F747876	樺達舒痛喉片	一般用藥	個	190
F748602	獅王睛漾Smile Brighteye 10ml/BT	一般用藥	瓶	270
F748767	獅美露康德目耀PURE 12ML/BTL	一般用藥	瓶	390
F748774	欣樂樂愛思 50T/BLT-2	保健品	瓶	1500
F749043	欣樂樂愛思 18T/BLT-2	保健品	瓶	1290
F749108	獅美露 Smile-A 16ML/BTL	一般用藥	瓶	340
F749562	獅美露活視捷Premium 15毫升/瓶/盒（F749562）	一般用藥	瓶	150
F749562-30	獅美露活視捷Premium 15毫升/瓶/盒（F749562-30）	一般用藥	瓶	180
F749634	獅美露雪漾Whiteye 15ml/Box	一般用藥	盒	430
F749775	欣樂樂愛思 50T+18T/SET	保健品	組	1150
F760077	薑帝王微米膠囊 60粒	保健品	瓶	1100
F760297	ABIRATRED Film-Coated Tab 250mg 120T/BT	慢性處方	瓶	330
F761621	樺達硬喉糖_檸檬條糖A	一般用藥	個	420
F761638	樺達硬喉糖_薄荷條糖A	一般用藥	個	250
F761645	樺達硬喉糖_甘草金桔條糖A	一般用藥	個	250
F761676	樺達軟喉糖_檸檬50gA	一般用藥	瓶	260
F761683	樺達軟喉糖_薄荷50gA	一般用藥	瓶	330
F761690	樺達軟喉糖_檸檬160gA	一般用藥	瓶	280
F761700	樺達軟喉糖_薄荷160gA	一般用藥	瓶	150
F761717	壓脈帶軟式含接頭 17-22(S) HEM-CS24	醫材	組	820
F761724	壓脈帶軟式含接頭22-32(M) HEM-CR24	醫材	組	200
F761731	壓脈帶軟式含接頭22-42(M/L) HEM-RML31	醫材	組	240
F761748	壓脈帶第三代硬式含接頭22-42 (單一尺寸) HEM-FL31	醫材	組	160
F761755	新型家用血壓計變壓器	醫材	組	2570
F761872	施美愛樂膚霜(10入)	一般用藥	個	260
F761889	歐姆龍HBF-225 B 體脂計	醫材	組	780
F761896	歐姆龍HBF-225 PK 體脂計	醫材	組	560
F761906	歐姆龍HBF-225 Y 體脂計	醫材	組	420
F761999	中化360金盞花葉黃素膠囊 30CAP	保健品	盒	460
F762000	奔酷手腕護具(大拇指) TP32	醫材	組	860
F762017	奔酷手腕護具(手腕) WB30	醫材	組	830
F762024	腰部入門護具 BS30 S/M Black	醫材	組	720
F762031	腰部入門護具 BS30 L/XL Black	醫材	組	770
F762048	腰部中等護具 BP60 S	醫材	組	350
F762055	腰部中等護具 BP60 M	醫材	組	540
F762062	腰部中等護具 BP60 L	醫材	組	590
F762079	腰部高階護具 BB30 S	醫材	組	870
F762086	腰部高階護具 BB30 M	醫材	組	460
F762093	腰部高階護具 BB30 L	醫材	組	790
F762103	膝蓋套筒高階 KP41 S	醫材	組	590
F762110	膝蓋套筒高階 KP41 M	醫材	組	360
F762127	膝蓋套筒高階 KP41 L	醫材	組	440
F762134	膝蓋套筒高階 KP41 XL	醫材	組	650
F762141	膝蓋可調式入門 KP31	醫材	組	500
F762158	膝蓋可調式中階 KB30	醫材	組	520
F762495	中化360維生素D3軟膠囊 60粒	保健品	盒	1210
F762505	中化360海藻鈣錠 60錠	保健品	瓶	440
F762512	中化360倍多喜錠 90錠	保健品	瓶	1130
F762598	菲那絲豐沛慕絲洗髮精 200ML/BTL	日用品	瓶	260
F762660	中化360維生素D3軟膠囊 30粒/盒	保健品	盒	600
F762684	手腕入門護具(右手專用) WS11	醫材	組	670
F762691	腰部中等仿生骨曲線護具 BP61 S	醫材	組	490
F762701	腰部中等仿生骨曲線護具 BP61 M	醫材	組	600
F762718	腰部中等仿生骨曲線護具 BP61 L	醫材	組	490
F762725	膝部套筒入門半月型軟墊護具- 一雙 KS91 S	醫材	組	400
F762732	膝部套筒入門半月型軟墊護具- 一雙 KS91 M	醫材	組	770
F762749	膝部套筒入門半月型軟墊護具- 一雙 KS91 L	醫材	組	500
F762756	膝部套筒入門半月型軟墊護具- 一雙 KS91 XL	醫材	組	460
F762794	中化360固營UC-II膠囊 30顆	保健品	盒	980
F762804	中化360元氣B群+鋅+杜仲 60顆	保健品	盒	540
F762811	中化360美顏B群+鐵+珍珠粉 60顆	保健品	盒	1020
F762976	中化360固營UC-II膠囊 10顆PTP	保健品	盒	850
F763001	先進LINKBOX終端智慧盒	醫材	組	890
F763018	中化健康360固營裸粒	保健品	個	640
F763025	中化健康360固營試吃包2入/PAC	保健品	包	1120
F763142	中化健康360海藻鈣鎂錠 10顆/盒	保健品	盒	750
F763173	中化健康360元氣B群10顆/盒	保健品	盒	470
F763180	中化健康360美顏B群10顆/盒	保健品	盒	620
F763245	中化健康360 嚕嚕米禮盒組	保健品	盒	1360
F763283	中化健康360 嚕嚕米金盞花葉黃素 60顆	保健品	盒	1230
F763300	腰部中等仿生骨曲線護具 BP61 XL	醫材	組	540
F763317	腳踝中階全包覆可調式護具- FP31 S/M Black	醫材	組	440
F763324	腳踝中階全包覆可調式護具- FP31 L/XL Black	醫材	組	400
F763472	中化360 美顏B群+葉黃*2 onpack	保健品	組	1300
F763489	中化360 元氣B群+葉黃*2 onpack	保健品	組	930
F763496	中化360固營水解蛋黃粉30包/盒	保健品	盒	560
F763506	中化360固營UC-II膠囊 30顆-OTC專案	保健品	盒	1080
F763513	中化360金盞花葉黃素膠囊 30CAP-OTC專案	保健品	盒	1410
F763520	中化360倍多喜錠 90錠-OTC專案	保健品	瓶	940
F763537	中化360固營水解蛋黃粉2包/盒	保健品	盒	1080
F763544	腳踝套筒十字加壓透氣護具FS60 S/M灰	醫材	組	410
F763551	腳踝套筒十字加壓透氣護具FS60 L/XL灰	醫材	組	660
F763616	Apreto Capsules 80mg 1CAP/BOX	慢性處方	盒	280
F763623	Apreto Capsules 125mg 1CAP/BOX	慢性處方	盒	650
F763654	中化360 藍光對策金盞花葉黃素Deluxe 30顆	保健品	盒	480
F763661	彈力透氣網紗套筒護膝KE60 S 黑色	醫材	組	400
F763678	彈力透氣網紗套筒護膝KE60 M 黑色	醫材	組	540
F763685	彈力透氣網紗套筒護膝KE60 L 黑色	醫材	組	530
F763692	彈力透氣網紗套筒護膝KE60 XL 黑色	醫材	組	350
F763702	獅美露保視捷40EXa(Line聯名款) 15ML/BTL	一般用藥	瓶	210
F763719	獅美露康德目耀PURE(Line聯名款) 15ML/BTL	一般用藥	瓶	140
F763726	獅美露活視捷Premium(Line聯名款) 15毫升/瓶/盒	一般用藥	瓶	150
F763764	手腕入門護具(左手) WS11	醫材	組	470
F763805	中化360 倍多喜錠 30錠 夾鏈袋裝	保健品	包	610
F763812	中化360倍多喜橙皙膠原錠 120錠	保健品	盒	1390
F763829	中化360藍光對策金盞花葉黃素Deluxe 1顆	保健品	包	430
F763843	鏡檢褲 1PC	醫材	件	660
F763867	欣樂樂愛思 50T*2+18T/SET	保健品	組	1140
F763874	軟墊加壓可調護肘EP43	醫材	組	400
F763908	中化360倍多喜橙皙膠原錠 28錠	保健品	包	850
F763915	中化360固營肌力關鍵植物蛋白粉 15包	保健品	盒	790
F763922	中化360 倍多鈣 三鈣膠原粉30包裝	保健品	盒	1250
F763939	中化360固營肌力關鍵植物蛋白粉 1包	保健品	包	430
F763946	樺達軟喉糖_檸檬160gA_OTC專案	一般用藥	瓶	320
F764002	雙支撐透氣親膚可調式護膝KP32	醫材	組	370
F764019	中化360 固營UC-II膠囊30顆/盒+環保餐具組	保健品	盒	670
F764026	中化360明亮對策金盞花葉黃素30顆	保健品	盒	1040
F764033	中化360 倍多鈣 三鈣膠原粉6包裝	保健品	盒	1210
F764040	倍多喜錠 30錠 夾鏈袋裝-OTC專案	保健品	包	870
F764057	ABIRATRED Film-Coated Tablet 500mg 60T/P	慢性處方	盒	150
F764071	熱塑強固型透氣手指護具TB50	醫材	組	690
F764088	熱塑強固型透氣手腕護具WB50 S/M	醫材	組	660
F764095	熱塑強固型透氣手腕護具WB50 L/XL	醫材	組	830
F764136	中化360 倍多鈣 三鈣膠原粉1包裝	保健品	包	460
F764246	奔騰手持式超音波-曲線陣列 C62	醫材	組	530
F764253	奔騰手持式超音波-直線型陣列 L154	醫材	組	460
F764260	奔騰手持式超音波-高頻直線型陣列 L187	醫材	組	300
F764277	奔騰手持式超音波-相位陣列 P42	醫材	組	580
F764284	奔騰手持式超音波專用支架	醫材	組	280
F764291	奔騰手持式超音波專用平板	醫材	組	350
F764301	中化360固營肌力關鍵植物蛋白粉 1包(OTC專案)	保健品	包	1130
F764318	中化360固營肌力關鍵*15包+搖搖杯400ml 提袋組	保健品	組	1470
F764514	中化360藍光對策金盞花葉黃素Deluxe (金馬61限定版) 30顆/盒	保健品	盒	1390
F764538	中化360固循特級高濃度魚油 10顆	保健品	盒	1100
F764655	中化360中化纖黃金奇異果益生菌60包	保健品	盒	510
F764679	中化360中化纖黃金奇異果益生菌10包	保健品	盒	660
F764686	中化360中化纖黃金奇異果益生菌1包	保健品	包	1220
F764710	AliveCor Kardia 攜帶型6導程心電計 KM-6L-TW	醫材	組	270
F764727	ABIRATRED Film-Coated Tablet 250mg 30T	慢性處方	盒	710
F764741	中化360 固營UC-II膠囊 30顆 (活動組)	保健品	盒	1040
F764758	中化健康360醫護箱	醫材	個	530
F764765	膝蓋套筒高階 KP41 S-新版	醫材	個	440
F764772	膝蓋套筒高階 KP41 M-新版	醫材	個	480
F764789	膝蓋套筒高階 KP41 L-新版	醫材	個	790
F764796	膝蓋套筒高階 KP41 XL-新版	醫材	個	650
F764813	Better life炫彩提袋	日用品	個	290
F764820	中化360倍多喜橙皙膠原錠 28錠 (OTC專案)	保健品	包	540
F764837	腳踝套筒十字加壓透氣護具FS60 S/M黑	醫材	組	440
F764844	腳踝套筒十字加壓透氣護具FS60 L/XL黑	醫材	組	710
F764851	膝部套筒入門護具- 一雙 KS91 S 黑	醫材	組	780
F764868	膝部套筒入門護具- 一雙 KS91 M 黑	醫材	組	380
F764875	膝部套筒入門護具- 一雙 KS91 L 黑	醫材	組	790
F764882	膝部套筒入門護具- 一雙 KS91 XL 黑	醫材	組	770
F764899	核心爆汗帶SE23 S/M	醫材	組	450
F764909	核心爆汗帶SE23 L/XL	醫材	組	320
F764930	歐姆龍PVC提袋組合(低周波F311+不銹鋼杯)	醫材	個	800
F764947	Better life炫彩提袋 (OTC專案)	日用品	個	110
F764954	蜂膠滴液40%(OTC專案) 25ML/BTL	保健品	瓶	630
F765216	熱塑強固型透氣手指護具TB50 XS	醫材	組	620
F765223	雙支撐透氣親膚可調式護膝KP32-新版	醫材	組	770
F765230	熱塑強固型輕適手腕護具WB51	醫材	組	750
F765247	蜂膠滴液40%-OTC搭贈(新) 25ML/BTL	保健品	瓶	910
F765261	中化360 固營UC-II膠囊 30顆(倍多鈣6入)	保健品	盒	930
F765302	歐姆龍NE-U100 噴霧器與知母時吸鼻器組合	醫材	組	900
F765388	中化360 固營UC-II靈活關鍵 EX 20顆	保健品	盒	1140
F765395	中化360 固營UC-II靈活關鍵 EX 10顆	保健品	盒	1390
F765405	中化360 固營UC-II靈活關鍵 EX 1顆	保健品	包	630
F765412	中化360年節禮盒-馬躍靈活	保健品	組	850
F765429	魚油60顆+Dr.KIWI 10包/盒	保健品	組	930
F765436	海藻鈣60顆+維生素D60顆	保健品	組	450
F765443	中化360年節禮盒-馬上晶亮	保健品	組	1240
F765450	綠芙袋鼠精+瑪卡(OTC搭贈) 60CAP/BTL	保健品	瓶	1320
F765474	熱塑強固型透氣手指護具TB50-新版	醫材	組	790
F765481	中化360倍多喜90's三入禮盒組	保健品	組	1080
F765508	中化360血橙光采錠 28's	保健品	包	760
F765515	中化360元采美研 30's	保健品	盒	1300
F765522	樺達硬糖-喜瑪拉雅鹽H.salt(袋裝) 35g	一般用藥	包	410
F765539	中化360成長灌鈣組 (固營水解蛋黃粉30's+倍多鈣30's)	保健品	組	860
F765546	中化360晶亮守護組 (藍光對策30's+ 倍多C30's)	保健品	組	630
F765560	中化360固循特級高濃度魚油 60's+10's	保健品	組	430
F765601	中化360藍光對策金盞花葉黃素Deluxe 30顆 2入組-醫診專用	保健品	組	800
F765618	中化360 固營UC-II靈活關鍵 EX 30顆 2入組-醫診專用	保健品	組	1160
F765625	歐姆龍MC-F300紅外線額溫槍	醫材	組	1050
F765656	高透氣雙支撐可調拇指護具TP35	醫材	組	520
F765663	高透氣強化支撐手腕護具WB32	醫材	組	350
F765670	輕量穩定手腕護具WS30	醫材	組	810
F765687	十字加壓套筒護踝FS60 S/M黑-新版	醫材	組	520
F765694	十字加壓套筒護踝FS60 L/XL黑-新版	醫材	組	810
F765711	AYVAKIT F.C. tablets 100mg,30 Tablets/BT	慢性處方	瓶	700
F765735	AYVAKIT F.C. tablets 300mg,30 Tablets/BT	慢性處方	瓶	730
M461503	兒童牙膏草莓─Ａ 50G*12*6	日用品	個	310
M461510	兒童牙膏水蜜桃─Ａ50G*12*6	日用品	個	310
M461527	兒童牙膏青蘋果─Ａ50G*12*6	日用品	個	260
M462566	乾洗手潔手凝露75% 500ML/BTL（M462566）	日用品	瓶	320
M462793	鹹性牙膏180G打裝180G*12*6	日用品	個	240
M462858	鹹性牙膏200G 打 200G*12*6	日用品	個	290
M463237	綠的抗菌皂-活力清新 3入100G*3*48	日用品	組	310
M464740	護牙周到─美白Ａ 110G*48	日用品	個	360
M465693	純淨草本牙膏─綠茶140G*6*8	日用品	個	210
M467334	潔克神奇潔牙粉-B 130G*12*6S	日用品	個	370
M467530	綠的抗菌皂-純淨清爽3入 100G*3*48	日用品	組	150
M467640	兒童牙膏3入-B 50G*3	日用品	組	180
M467688	護牙牙膏－清新－Ｃ110G*48	日用品	個	350
M467695	護牙牙膏-牙齦-C 110G	日用品	個	380
M467705	護牙牙膏-美白-C 110G*48	日用品	個	290
M467949	綠的潔膚劑E 1000ML*6	日用品	個	110
M468098	綠的潔手乳Ｃ 220ML*2*12	日用品	組	240
M468139	綠的抗菌皂-茶樹清香3入 100G*3*48	日用品	組	90
M468218	潔手乳植萃紫草 400ML/BT	日用品	個	70
M468225	潔手乳植萃槐花 400ML*12	日用品	個	130
M468232	潔手慕斯海洋 500ML	日用品	個	200
M468249	潔手慕斯草原 500ML	日用品	個	100
M468256	潔手慕斯花朵 500ML	日用品	個	150
M468342	綠的抗菌皂-茶樹6入 100G*6*24	日用品	組	380
M468438	蔻姿角鯊烯修護凝乳50ML	日用品	瓶	160
M468469	蔻姿極致修護安瓶 10ML	日用品	瓶	210
M468751	綠的潔手乳D-220 220ML*12	日用品	個	220
M469403	蔻姿玻尿酸保濕精華30ML	日用品	瓶	370
M469472	獅王細潔標準牙刷 1PCS	日用品	個	150
M469496	獅王細潔小頭牙刷 1PCS	日用品	個	230
M469506	獅王細潔抗敏牙刷 1PCS	日用品	個	280
M469513	獅王細潔炫絲激淨牙刷 1PCS	日用品	個	400
M469520	獅王細潔超柔護齦牙刷 1PCS	日用品	個	340
M469537	細潔無隱角紳潔頭 1PCS	日用品	個	190
M469544	細潔無隱角小巧頭 1PCS	日用品	個	290
M469623	獅王深潔牙間刷SSS 1PCS	日用品	個	350
M469630	獅王兒童牙膏3入 135G	日用品	組	260
M469719	獅王極淨白牙膏清涼140G	日用品	個	170
M469733	獅王固齒佳酵素清涼薄荷 130g 1PCS	日用品	個	230
M469757	獅王固齒佳酵素柑橘薄荷130G 1PCS	日用品	個	130
M469805	獅王ＥＸ牙膏草本1PCS	日用品	個	370
M469812	獅王ＥＸ牙膏薄荷1PCS	日用品	個	120
M469843	獅王音波震動牙刷 1PCS	日用品	個	210
M469850	獅王音波震動刷頭 1PCS	日用品	個	150
M469874	獅王固齒佳旅行組SET	日用品	組	180
M469908	獅王固齒佳酵素漱口水450ML	日用品	瓶	210
M470027	獅王時尚馬卡龍牙線1PCS	日用品	個	180
M470106	獅王高密超小頭中1PCS	日用品	個	80
M470199	愛適多夜間超安心尿片大量6回吸收22片	日用品	包	250
M470199-30	愛適多夜間超安心尿片超特大量6回吸收22片	日用品	包	120
M470209	愛適多夜間超安心尿片超特大量8回吸收20片（M470209）	日用品	包	370
M470209-30	愛適多夜間超安心尿片超特大量8回吸收20片（M470209-30）	日用品	包	90
M470216	愛適多夜間超安心尿片特大量10回吸收16片	日用品	包	210
M470216-30	愛適多夜間超安心尿片超特大量10回吸收16片	日用品	包	320
M470340	愛適多夜間超安心尿片超特大量12回吸收14片（M470340）	日用品	包	250
M470340-30	愛適多夜間超安心尿片超特大量12回吸收14片（M470340-30）	日用品	包	240
M470388	大王elleair無漂白超吸收廚房紙巾2R100（M470388）	日用品	包	380
M470388-30	大王elleair無漂白超吸收廚房紙巾2R100（M470388-30）	日用品	包	290
M470405	大王超透氣復健褲M 1PAC	日用品	包	180
M470405-30	大王Attento超透氣防漏復健褲M~L 22片	日用品	包	250
M470412	大王超透氣復健褲L 1PAC	日用品	包	90
M470412-30	大王Attento超透氣防漏復健褲L~LL 20片	日用品	包	130
M470429	大王舒適復健褲M 1PAC	日用品	包	370
M470429-30	大王Attento超透氣舒適復健褲M~L 11片	日用品	包	160
M470436	大王舒適復健褲L 1PAC	日用品	包	130
M470436-30	大王Attento超透氣舒適復健褲L~LL 10片	日用品	包	90
M470443	大王超薄運動褲M 1PAC	日用品	包	200
M470443-30	大王Attento超薄舒適運動褲M 10片	日用品	包	390
M470450-30	大王Attento超薄舒適運動褲L 9片	日用品	包	70
M470474	大王超透氣紙尿褲L 1PAC（M470474）	日用品	包	250
M470481-30	大王Attento超透氣內褲專用尿片 42片	日用品	包	140
M470498-30	大王Attento超透氣防漏尿片 (2回吸收/38片)	日用品	包	260
M470508-30	大王Attento防漏超吸收男性用紙尿片 54片	日用品	包	270
M470515	大王男女共用防漏紙尿片1PAC	日用品	包	290
M470515-30	大王Attento防漏超吸收女性用紙尿片 57	日用品	包	120
M470522-30	大王Attento加強防漏男性用尿片 (4回/28片)	日用品	包	210
M470539	大王軟便防漏紙尿片1PAC	日用品	包	270
M470539-30	大王Attento軟便防漏超安心紙尿片 16片	日用品	包	120
M470553-30	大王Attento夜用加長加寬尿片(6回吸收/26片)	日用品	包	70
M470560-30	大王Attento柔膚濕紙巾 70片	日用品	包	120
M470577-30	大王Natura清爽棉墊 -防漏尿用55ml/24片	日用品	包	170
M470584-30	大王Natura清爽棉墊 -防漏尿用85ml/20片	日用品	包	330
M470591	大王清爽棉墊130 1PAC	日用品	包	330
M470591-30	大王Natura清爽棉墊-防漏尿用130ml/16片	日用品	包	150
M470601	大王極淨清爽墊2 1PAC	日用品	包	350
M470601-30	大王Natura清爽護墊-防漏尿用2ml/50片	日用品	包	70
M470618	大王極淨清爽墊5 1PAC	日用品	包	120
M470618-30	大王Natura清爽護墊-防漏尿用5ml/40片	日用品	包	200
M470625	大王極淨清爽墊30 1PAC	日用品	包	90
M470625-30	大王Natura清爽棉墊-防漏尿用30ml/28片	日用品	包	350
M470632-30	大王Natura清爽棉墊-防漏尿用50ml/22片	日用品	包	230
M470704-30	大王elis超安心舒眠夜用蝶翼36cm(14片)	日用品	包	130
M470711-30	大王elis超安心舒眠夜用蝶翼40cm(12片)	日用品	包	140
M470728-30	大王elleair抗菌濕紙巾 100抽	日用品	包	310
M470735-30	大王elleair抗菌濕紙巾補充包 80抽	日用品	包	180
M470742-30	大王elleair抗菌濕紙巾攜帶包 10抽	日用品	包	90
M470759-30	大王elleair抗菌濕紙巾(加強版) 80抽	日用品	包	270
M470766-30	大王elleair抗菌濕紙巾補充包(加強版) 70抽	日用品	包	110
M470773-30	大王elleair抗菌濕紙巾攜帶包(加強版) 10抽	日用品	包	200
M470780-30	大王elleair小鴨抗菌濕紙巾(不含酒精)45片	日用品	包	370
M470797-30	大王elleair小鴨抗菌濕紙巾補充包60片x2	日用品	包	320
M470807-30	大王elleair小鴨抗菌濕紙巾攜帶包 10抽	日用品	包	70
M470948	大王Attento超透氣舒適復健褲M 11片 (中文版)（M470948）	日用品	包	280
M470948-30	大王Attento超透氣舒適復健褲M 11片 (中文版)（M470948-30）	日用品	包	400
M470979	大王Attento超透氣舒適復健褲L10片 (中文版)（M470979）	日用品	包	110
M470979-30	大王Attento超透氣舒適復健褲L10片 (中文版)（M470979-30）	日用品	包	170
M471114	獅王麵包超人牙刷 1PCS	日用品	個	150
M471121	獅王麵包超人牙膏草1PCS	日用品	個	220
M471138	獅王麵包超人牙膏哈1PCS	日用品	個	300
M471145	大王無漂白廚房紙巾50*2/PAC	日用品	包	190
M471145-30	大王elleair無漂白廚紙-50抽/2入	日用品	包	170
M471152	大王保濕面紙 200	日用品	包	260
M471176	大王超透氣紙尿褲M 1PAC	日用品	包	220
M471176-30	大王Attento超透氣防漏紙尿褲(黏貼型)M 20片	日用品	包	140
M471183	大王超透氣紙尿褲L 1PAC（M471183）	日用品	包	390
M471183-30	大王Attento超透氣防漏紙尿褲(黏貼型)L 17片	日用品	包	170
M471190	大王日用超透氣尿片1PAC	日用品	包	130
M471190-30	大王Attento日用加長加寬尿片4回/36片	日用品	包	180
M471224	獅王無隱角炭纖中小1PCS	日用品	個	100
M471420	日本獅王漬脫牙膏 150G/PCS	日用品	個	400
M471468	獅王按摩齦牙刷 1PCS	日用品	個	230
M471578	綠的藥皂三入-B 80G*3*48	日用品	組	160
M471585	綠的藥皂六入-B 80G*6	日用品	組	290
M471657	護牙周到抗敏強化 110G*48	日用品	個	200
M471664	護牙周到深層修護 110G*48	日用品	個	210
M471688	百齡雙氟防蛀兒童漱口水(冰淇淋)500ml	日用品	個	340
M471705	天竺葵沐浴補充C	日用品	個	220
M471767	百里香抗菌沐浴N 1000ML*12	日用品	個	110
M471781	葡萄柚抗菌沐浴N 1000ML*12	日用品	個	370
M471846	葡萄柚沐浴補充C	日用品	個	230
M471860	檸檬馬鞭沐浴補充C2	日用品	個	340
M471877	葡萄柚沐浴加崙桶C 1GAL*4	日用品	個	300
M471901	男性茶樹沐浴乳C 850ML*12	日用品	個	350
M471970	細潔音波牙刷小巧頭PCS	日用品	個	80
M471987	細潔音波小巧頭刷頭PCS	日用品	個	370
M471994	固齒佳薄深潔小頭 PCS	日用品	個	280
M472005	固齒佳薄深潔超小頭PCS	日用品	個	290
M472081	琺瑯質牙膏2入草 150G*2*24	日用品	組	390
M472098	琺瑯質牙膏2入沁 150G*2	日用品	組	380
M472139	洋甘菊抗菌沐浴N2 1000ML*12	日用品	個	60
M472263	固齒佳酵素亮白柑橘130G/PCS	日用品	個	300
M472270	固齒佳酵素亮白百花130G/PCS	日用品	個	320
M472287	大王elleair 專業照護柔拭巾-乾濕兩用50片（M472287）	日用品	包	110
M472287-30	大王elleair 專業照護柔拭巾-乾濕兩用50片（M472287-30）	日用品	包	60
M472359	大王elleair芯香衛生紙-玫瑰香4捲（M472359）	日用品	包	340
M472359-30	大王elleair芯香衛生紙-玫瑰香4捲（M472359-30）	日用品	包	170
M472366	大王elleair芯香衛生紙-薰衣草4捲（M472366）	日用品	包	170
M472366-30	大王elleair芯香衛生紙-薰衣草4捲（M472366-30）	日用品	包	110
M472373	大王elleair奢侈保濕面紙-攜帶14W*4P（M472373）	日用品	包	160
M472373-30	大王elleair奢侈保濕面紙-攜帶14W*4P（M472373-30）	日用品	包	170
M472380	大王elleair奢侈保濕-薄攜帶12W*4P（M472380）	日用品	包	150
M472380-30	大王elleair奢侈保濕-薄攜帶12W*4P（M472380-30）	日用品	包	230
M472586-30	大王elis 愛麗思清爽零感日用23cm(22片)	日用品	包	240
M472593-30	大王elis 愛麗思清爽零感日用27cm(18片)	日用品	包	100
M472603-30	大王elis愛麗思清爽零感夜用32cm(11片)	日用品	包	90
M472610	大王elis愛麗思清爽零感日用超薄23cm(20片)（M472610）	日用品	包	230
M472610-30	大王elis愛麗思清爽零感日用超薄23cm(20片)（M472610-30）	日用品	包	250
M472627	大王elis愛麗思清爽零感日用超薄27cm(18片)（M472627）	日用品	包	360
M472627-30	大王elis愛麗思清爽零感日用超薄27cm(18片)（M472627-30）	日用品	包	180
M472751-30	大王運動褲體驗包M PAC	日用品	包	60
M472768-30	大王運動褲體驗包L PAC	日用品	包	180
M472775-30	大王防漏褲型體驗M 1PCS	日用品	個	370
M472782-30	大王防漏褲型體驗L 1PCS	日用品	個	390
M472799-30	大王黏貼型體驗包M 1PCS	日用品	個	200
M472809-30	大王黏貼型體驗包L 1PCS	日用品	個	340
M472816-30	大王夜用6回體驗 PAC	日用品	包	330
M472823-30	大王Attento超透氣舒適復健褲M~L 22片	日用品	包	390
M472971-30	大王Attento雙面吸收尿片3回/45片	日用品	包	190
M472988	大王二回吸收尿片(小粉紅) PAC	日用品	包	120
M472988-30	大王Attento安心透氣防漏尿片普通型2-3回/51片	日用品	包	280
M473013	大王奢侈面紙盒裝 PAC	日用品	包	210
M473013-30	大王elleair奢侈保濕柔霜面紙(200抽)（M473013-30）	日用品	包	150
M473202-30	新素肌20.5cm (22片)	日用品	包	60
M473219	新素肌29cm (10片)（M473219）	日用品	包	280
M473219-30	新素肌29cm (10片)（M473219-30）	日用品	包	390
M473226-30	大王舒適褲體驗包M PAC	日用品	包	350
M473233-30	大王舒適褲體驗包L PAC	日用品	包	370
M473295	日本獅王NONIO終結口氣舌苔清潔棒 PC	日用品	件	380
M473305	綠的抗菌潔手乳1+1 -櫻花限定/SET	日用品	組	190
M473312-30	大王清爽日用超薄23A	日用品	包	120
M473329-30	大王清爽日用超薄27A	日用品	包	350
M473367-30	大王ATTENTO側背雙防漏黏貼型紙尿褲M (5回）	日用品	包	120
M473374	大王ATTENTO側背雙防漏黏貼型紙尿褲L(5回）（M473374）	日用品	包	230
M473374-30	大王ATTENTO側背雙防漏黏貼型紙尿褲L(5回）（M473374-30）	日用品	包	350
M473381-30	大王Attento超薄舒適運動褲M 2片	日用品	包	400
M473398	大王Attento超薄舒適運動褲L 2片（M473398）	日用品	包	330
M473398-30	大王Attento超薄舒適運動褲L 2片（M473398-30）	日用品	包	340
M473408	大王Attento軟便防漏超安心紙尿片2片（M473408）	日用品	包	290
M473408-30	大王Attento軟便防漏超安心紙尿片2片（M473408-30）	日用品	包	90
M473415	大王elleair奢侈保濕面紙-薄荷160抽（M473415）	日用品	包	290
M473415-30	大王elleair奢侈保濕面紙-薄荷160抽（M473415-30）	日用品	包	150
M473422-30	大王elleair芯香衛生紙-洋甘菊4捲	日用品	包	230
M473439	大王柔膚抽取式面紙180W *5（M473439）	日用品	包	70
M473439-30	大王柔膚抽取式面紙180W *5（M473439-30）	日用品	包	350
M473446-30	大王CUTE面紙160抽*5	日用品	包	290
M473453	大王超吸收廚房紙巾(2R*70抽)（M473453）	日用品	包	360
M473453-30	大王超吸收廚房紙巾(2R*70抽)（M473453-30）	日用品	包	280
M473460	大王超吸收強韌廚房紙巾(2R*50抽)（M473460）	日用品	包	240
M473460-30	大王超吸收強韌廚房紙巾(2R*50抽)（M473460-30）	日用品	包	60
M473570	BO洗髮精(滋潤型) 杏仁&茉莉 490ml	日用品	瓶	320
M473587	BO潤髮乳(滋潤型) 蘋果&莓果 490g	日用品	瓶	120
M473879	大王安心透氣防尿片(小藍)	日用品	包	110
M473879-30	大王安心透氣防尿片	日用品	包	210
M473893	晶鹽漱口水GAC 750ML*12	日用品	瓶	290
M473958	百齡雙氟防蛀兒童牙膏 70g	日用品	個	210
M474014-30	BO舒涼洗髮精滋潤 490ML/BTL	日用品	瓶	400
M474021-30	BO舒涼洗髮精清爽 490ML/BTL	日用品	瓶	100
M474038-30	BO舒涼沐浴乳 490ML/BTL	日用品	瓶	220
M474045-30	BO舒涼身體凝膠 200ML/BTL	日用品	瓶	290
M474100	菲那絲健髮抗屑C 350ML	日用品	個	310
M474117	菲那絲健髮養護C(350+50ML)	日用品	個	90
M474179	BO潤髮乳(頭皮滋潤型) 柑橘&麝香 490g	日用品	瓶	210
M474241	BO沐浴乳(滋潤型) 玫瑰&白桃 490ml	日用品	瓶	210
M474265	BO沐浴乳(清爽型) 黑醋栗&綠葉 490ml	日用品	瓶	90
M474399	綠的乾洗手75%60ml	日用品	個	290
M474423-30	BO洗潤髮體驗組滋潤	日用品	個	130
M474430-30	BO洗潤髮體驗組清爽	日用品	個	110
M474502	大王Attento超透氣舒適復健褲XL 16片（M474502）	日用品	個	300
M474502-30	大王Attento超透氣舒適復健褲XL 16片（M474502-30）	日用品	個	200
M474519	大王Attento超透氣防漏紙尿褲(黏貼型)LL15片（M474519）	日用品	個	310
M474519-30	大王Attento超透氣防漏紙尿褲(黏貼型)LL15片（M474519-30）	日用品	個	290
M474605	綠的潔手乳加侖桶- 活力積雪草	日用品	個	130
M474667	獅王Charmy Magica濃縮洗潔精-柑橙 220ML	日用品	個	200
M474681	獅王Charmy Magica濃縮洗潔精-除菌檸檬 220ML	日用品	個	250
M474698	植物物語 浸潤保濕洗面乳 130g	日用品	個	380
M474708	植物物語 清爽明亮洗面乳 130g	日用品	個	140
M474715	植物物語 淨膚調理洗面乳 130g	日用品	個	150
M474722	植物物語 男士深層潔淨洗面乳 130g	日用品	個	150
M474746	BO洗髮精(受損護理型) 鳶尾花&小蒼蘭 490ml	日用品	瓶	210
M474801	大王愛適多日用安心透氣加長版(小橘)(500cc量多型/42片)	日用品	包	110
M474801-30	大王愛適多日用安心透氣加長版(500cc量多型/42片)	日用品	包	310
M474818	大王愛適多優膚系列長時間安心寬版(小灰)(600cc量多型/36片)	日用品	包	130
M474818-30	大王愛適多優膚系列長時間安心寬版(600cc量多型/36片)	日用品	包	200
M474856	大王超防護日用超薄25cm (12片/BAG)（M474856）	日用品	包	320
M474856-30	大王超防護日用超薄25cm (12片/BAG)（M474856-30）	日用品	包	300
M474863	大王超防護夜用超薄30cm (10片/BAG)（M474863）	日用品	包	70
M474863-30	大王超防護夜用超薄30cm (10片/BAG)（M474863-30）	日用品	包	230
M474870	大王超防護夜用超薄35cm (8片/BAG)（M474870）	日用品	包	220
M474870-30	大王超防護夜用超薄35cm (8片/BAG)（M474870-30）	日用品	包	150
M474894	大王CG日用17cm(36片)（M474894）	日用品	包	150
M474894-30	大王CG日用17cm(36片)（M474894-30）	日用品	包	260
M474904	大王CG日用23cm(23片)（M474904）	日用品	包	90
M474904-30	大王CG日用23cm(23片)（M474904-30）	日用品	包	250
M474911	大王CG日用25cm(19片)（M474911）	日用品	包	380
M474911-30	大王CG日用25cm(19片)（M474911-30）	日用品	包	200
M474928	大王CG夜用29cm(15片)（M474928）	日用品	包	70
M474928-30	大王CG夜用29cm(15片)（M474928-30）	日用品	包	110
M474935	大王CG夜用33cm(14片)（M474935）	日用品	包	400
M474935-30	大王CG夜用33cm(14片)（M474935-30）	日用品	包	380
M475022	大王elleair棉柔膚觸抽取式面紙160抽*3盒	日用品	包	250
M475022-30	大王elleair Cotton Feel 抽取式面紙160抽*3盒	日用品	包	240
M475039	大王elleair 超吸收廚房紙巾盒裝(75抽*3盒)（M475039）	日用品	包	130
M475039-30	大王elleair 超吸收廚房紙巾盒裝(75抽*3盒)（M475039-30）	日用品	包	190
M475046	綠的潔手乳植萃-活力積雪草400ML/EA	日用品	個	70
M475084	百齡Pure淨護齦牙膏110g (柑橘薄荷)	日用品	個	290
M475091	百齡Pure淨護齦牙膏110g (草本薄荷)	日用品	個	310
M475113	潔克潔牙粉３入 130G*3*24S	日用品	組	130
M475211	綠的植物系潔手慕斯-檸檬伯爵 300ml /BTL	日用品	瓶	100
M475369	中衛口罩-酷黑 /3入	醫材	組	170
M475376	中衛口罩-櫻花粉 /3入	醫材	組	90
M475383	中衛口罩-丹寧牛仔 /3入	醫材	組	110
M475400	中衛口罩-炫霓紫 /3入	醫材	組	180
M475417-30	大王後背加長黏貼型M	日用品	包	330
M475424-30	大王後背加長黏貼型 L	日用品	包	370
M475431	綠的藥皂-消毒殺菌 單入	日用品	個	350
M475448	綠的藥皂-消毒殺菌3入	日用品	組	120
M475455	綠的藥皂-消毒殺菌6入	日用品	組	130
M475486	綠的男性沐浴露-活力海洋750ml	日用品	瓶	190
M475493	綠的男性沐浴露-能量大地750ml	日用品	瓶	200
M475510	BO清新舒爽潤髮乳490g	日用品	瓶	250
M475527	BO清新舒爽沐浴乳490ml	日用品	瓶	310
M475565	中衛口罩-深丹寧/3入	醫材	組	90
M475572	中衛口罩-深丹寧 /50入	醫材	盒	250
M475589	中衛口罩-丹寧牛仔/30入	醫材	盒	140
M475606	日本獅王NONIO終結口氣牙膏-澄橘薄荷 130G	日用品	個	320
M475613	日本獅王NONIO終結口氣牙膏-清梨薄荷130G	日用品	個	380
M475620	日本獅王NONIO終結口氣牙膏-冰炫薄荷 130G	日用品	個	160
M475675	中衛口罩-天空藍 /50入	醫材	盒	180
M475696-30	愛適多夜間超安心尿片特大量10回吸收18片	日用品	包	200
M475716	愛適多夜間超安心尿片超特大量12回吸收16片（M475716）	日用品	包	360
M475716-30	愛適多夜間超安心尿片超特大量12回吸收16片（M475716-30）	日用品	包	290
M475730	愛適多貼合超安心褲型專用尿片4次吸收28片（M475730）	日用品	包	230
M475730-30	愛適多貼合超安心褲型專用尿片4次吸收28片（M475730-30）	日用品	包	100
M475747	愛適多貼合超安心褲型專用尿片6次吸收18片（M475747）	日用品	包	300
M475747-30	愛適多貼合超安心褲型專用尿片6次吸收18片（M475747-30）	日用品	包	290
M475754	愛適多長時間膚適安心褲型紙尿褲男女共用M-L 18片（M475754）	日用品	包	190
M475754-30	愛適多長時間膚適安心褲型紙尿褲男女共用M-L 18片（M475754-30）	日用品	包	220
M475761-30	愛適多長時間膚適安心褲型紙尿褲男女共用L-L 16片	日用品	包	150
M475778	愛適多夜間超安心褲型強效8回吸收 M~L 14片（M475778）	日用品	包	140
M475778-30	愛適多夜間超安心褲型強效8回吸收 M~L 14片（M475778-30）	日用品	包	190
M475785	愛適多夜間超安心褲型強效8回吸收L~LL 12片（M475785）	日用品	包	330
M475785-30	愛適多夜間超安心褲型強效8回吸收L~LL 12片（M475785-30）	日用品	包	270
M475857	中衛-酒精棉片6pcs	醫材	包	330
M475871-30	BO洗潤髮隨手包受損護理型/10ml+10g	日用品	組	230
M475888	中衛口罩-酷黑 /50入	醫材	盒	160
M475912	中衛-減壓護套2入組.舒適藍	醫材	組	780
M475929	中衛-減壓護套2入組.低調黑	醫材	組	320
M475936	中衛-減壓護套2入組.透明霧	醫材	組	230
M475981	中衛-護理隨身包（M475981）	醫材	組	560
M476054	中衛口罩-炫霓紫 /50入	醫材	盒	220
M476102	中衛口罩-天空藍/5入(屈)	醫材	組	120
M476119	獅王細潔兒童專業護理牙刷 0-8月	日用品	個	180
M476133	獅王細潔兒童專業護理牙刷 6月-2歲	日用品	個	200
M476157	獅王細潔兒童專業護理牙刷 2-6歲	日用品	個	380
M476171	獅王細潔兒童專業護理牙刷 6-9歲	日用品	個	150
M476212	中衛-滅菌不織布墊 5cm×5cm-4ply 10片	醫材	包	840
M476229	中衛-滅菌不織布墊 7.5cm×7.5cm-4ply 5片	醫材	包	510
M476236	中衛-滅菌不織布墊 10cm×10cm-4ply 3片	醫材	包	240
M476243	中衛-滅菌棉棒 7.5cm 10支	醫材	包	540
M476250	中衛-滅菌棉棒15cm 10支	醫材	包	510
M476267	中衛-滅菌口腔棉棒 10支	醫材	包	690
M476274	中衛-滅菌沖洗棉棒 6支	醫材	包	860
M476281	中衛-滅菌ENT棉棒 10支	醫材	包	360
M476391	百齡護牙漱口水GAC 750ML-綠茶B (晶鹽250ml隨身瓶).出清品(可出	日用品	組	390
M476449	大王夜用超透氣尿片（M476449）	日用品	包	170
M476449-30	大王夜用超透氣尿片（M476449-30）	日用品	包	70
M476456	綠的 抗乾修復保濕乳液-滋潤型200ml	日用品	瓶	330
M476463	綠的 抗乾修復保濕乳液-清爽型200ml	日用品	瓶	360
M476487	BO洗潤髮特別護理組合(清爽柔順型)	日用品	組	380
M476494	BO洗潤髮特別護理組合(受損護理型)	日用品	組	240
M476683	綠的潔手慕斯-海洋泡泡加侖桶3800ML	日用品	個	190
M476717	日本獅王細潔適齦佳牙膏-修護plus/90g	日用品	個	280
M476724	日本獅王細潔適齦佳牙膏-抗敏plus/95g	日用品	個	160
M476731	日本獅王細潔適齦佳牙膏-淨白plus/95g	日用品	個	160
M476748	日本獅王細潔適齦佳漱口水/450ml	日用品	個	320
M476762	BO洗髮精黑炭潔淨型-葡萄柚&黑醋栗 490ml	日用品	瓶	160
M476779	BO潤髮乳黑炭潔淨型-佛手柑&迷迭香 490g	日用品	瓶	370
M476793	百齡護牙漱口水超級護齦 750ML-晶鹽C	日用品	瓶	240
M476803	百齡護牙漱口水超級護齦 750ML-沁涼C	日用品	瓶	240
M476810	百齡護牙漱口水超級護齦 750ML-綠茶C	日用品	瓶	90
M476872	日本獅王NONIO終結口氣淨涼噴劑冰炫薄荷5ml/EA	日用品	個	300
M476889	日本獅王NONIO終結口氣淨涼噴劑清梨薄荷5ml/EA	日用品	個	370
M476896	日本獅王NONIO終結口氣淨涼噴劑澄橘薄荷5ml/EA	日用品	個	310
M476906	獅王細潔無隱角EX牙刷抗敏護齦/EA	日用品	個	160
M476937	大王日用超透氣尿片(4回吸收/38片)（M476937）	日用品	包	390
M476937-30	大王日用超透氣尿片(4回吸收/38片)（M476937-30）	日用品	包	270
M476944	愛適多基本型黏貼紙尿褲(機構版, M20)（M476944）	日用品	包	400
M476944-30	愛適多基本型黏貼紙尿褲(機構版, M20)（M476944-30）	日用品	包	120
M476951	愛適多基本型黏貼紙尿褲(機構版, L17)（M476951）	日用品	包	100
M476951-30	愛適多基本型黏貼紙尿褲(機構版, L17)（M476951-30）	日用品	包	230
M476982	玫瑰木抗菌沐浴 1000ml	日用品	個	320
M476999	玫瑰木沐浴補充 700ml	日用品	個	320
M477024	BO植性春意櫻花洗髮精(清爽柔順) 櫻花&桃子490ml	日用品	瓶	190
M477096	BOTANIST 植物性春意櫻花貼片面膜(櫻花&玫瑰) 7片入	日用品	包	160
M477103	綠茶抗菌沐浴P 1000ml	日用品	個	100
M477110	洋甘菊抗菌沐浴P 1000ml	日用品	個	90
M477127	百里香抗菌沐浴P 1000ml	日用品	個	380
M477134	檸檬香蜂草抗菌沐浴P 1000ml	日用品	個	110
M477141	鳶尾花抗菌沐浴 1000ml	日用品	個	180
M477158	綠茶沐浴補充D 700ml	日用品	個	330
M477165	洋甘菊沐浴補充D 700ml	日用品	個	360
M477172	百里香沐浴補充D 700ml	日用品	個	350
M477189	檸檬香蜂草沐浴補充D 700ml	日用品	個	390
M477196	鳶尾花沐浴補充 700ml	日用品	個	150
M477206	百里香沐浴350C 350ml	日用品	個	90
M477213	綠茶沐浴加侖桶D 1GAL	日用品	個	260
M477220	綠的植系濃縮洗潔精-高效去油(650ml)	日用品	瓶	110
M477237	綠的植系濃縮洗潔精補充包-高效去油(500ml)	日用品	包	220
M477247	綠的植系濃縮洗潔精(深層去味)(650ml)	日用品	瓶	310
M477251	綠的植系濃縮洗潔精補充包-深層去味(500ml)	日用品	包	300
M477268	綠的植系濃縮洗衣精-深層潔淨(1800ml)	日用品	瓶	220
M477275	綠的植系濃縮洗衣精補充包-深層潔淨(1500ml)	日用品	包	330
M477282	綠的植系濃縮洗衣精-植萃抗菌(1800ml)	日用品	瓶	340
M477299	綠的植系濃縮洗衣精補充包-植萃抗菌(1500ml)	日用品	包	290
M477309	大王清爽超薄23-黑色(20片)（M477309）	日用品	包	140
M477309-30	大王清爽超薄23-黑色(20片)（M477309-30）	日用品	包	60
M477316	百里香沐浴加侖桶A 1GAL	日用品	個	400
M477378	日本獅王NONIO終結口氣舌苔清潔組/SET	日用品	個	390
M477385	日本獅王固齒佳牙膏/PCS	日用品	個	140
M477402	日本獅王趣淨洗手慕斯250ml清爽柑橘/PCS	日用品	個	70
M477426	日本獅王趣淨洗手慕斯250ml清新果香/PCS	日用品	個	140
M477433	日本獅王牙周淨護牙刷/PCS	日用品	個	340
M477464	百齡雙氟防蛀兒童漱口水-香檳葡萄500ml/BT	日用品	瓶	60
M477550	BO植物性洗髮精(彈潤蓬鬆)牡丹&橙花490ml	日用品	瓶	180
M477567	BO植物性潤髮乳(彈潤蓬鬆)黑醋栗&洋甘菊490ml	日用品	瓶	370
M477598	中衛-減壓護套2入組.舒適藍(屈)	醫材	組	790
M477615	中衛-減壓護套2入組.透明霧(屈)	醫材	組	390
M477677	百齡護牙漱口水超級護齦 750ML-晨露C	日用品	瓶	110
M477684	大王愛適多 防漏加長平口褲 M20片（M477684）	日用品	包	110
M477684-30	大王愛適多 防漏加長平口褲 M20片（M477684-30）	日用品	包	280
M477691	大王愛適多防漏加長平口褲 L 18片（M477691）	日用品	包	60
M477691-30	大王愛適多防漏加長平口褲 L 18片（M477691-30）	日用品	包	340
M477701-30	大王愛適多側背雙防漏超薄黏貼型S-M 20	日用品	包	240
M477718	大王Attento愛適多超彈力合身黏貼型L 17	日用品	包	300
M477718-30	大王愛適多側背雙防漏超薄黏貼型L 17	日用品	包	230
M477756	日本獅王細潔護齦牙刷	日用品	件	360
M477763	獅王極淨白牙膏超涼-直立式140g/條	日用品	件	250
M477770	百齡雙氟防蛀兒童牙膏-香檳葡萄70G/EA	日用品	個	110
M477835	中衛-酒精棉片(標準)100pcs	醫材	盒	830
M477842	中衛-酒精棉片(加厚)100pcs	醫材	盒	890
M477873	百齡護牙漱口水超級護齦-晶鹽750ML*3入組	日用品	組	260
M477914	BO植物性清爽洗髮精 (清爽柔順)夜來香&蘋果薄荷490ml	日用品	瓶	350
M477945	BO植物性清爽潤髮乳(受損護理)夜來香&荔枝490g	日用品	瓶	330
M478056	中衛口罩-麥飯石灰/50入	醫材	盒	100
M478063	中衛口罩-麥飯石灰/50入(屈)	醫材	盒	240
M478070	中衛口罩-軍綠/50入	醫材	盒	220
M478094	中衛口罩-櫻花粉/50入	醫材	盒	190
M478111	日本獅王固齒佳喀喀減壓牙刷 超小頭	日用品	件	370
M478128	中衛口罩-青蘋綠/50入	醫材	盒	180
M478221	綠的植系濃縮洗潔精-高效去油(200ml)	日用品	瓶	370
M478238	中衛口罩-軍綠迷彩/30入	醫材	盒	130
M478252	中衛口罩-酷黑迷彩/30入	醫材	盒	210
M478276	中衛口罩-海芋黃/50入	醫材	盒	90
M478283	中衛口罩-海芋黃/50入(屈)	醫材	盒	230
M478290	中衛口罩-月河晨曦/50入	醫材	盒	210
M478300	中衛口罩-月河晨曦/50入(屈)	醫材	盒	120
M478458	日本獅王NONIO牙刷 經典瞬潔	日用品	件	340
M478472	日本獅王NONIO終結口氣抗敏牙膏130g	日用品	件	190
M478489	日本LION衣物去漬急救隨身瓶17ml	日用品	瓶	80
M478616	綠的抗菌潔手乳加侖桶-B 3800ML/EA	日用品	個	200
M478647	大王Attento愛適多長時間元氣褲M 9片（M478647）	日用品	包	180
M478647-30	大王Attento愛適多長時間元氣褲M 9片（M478647-30）	日用品	包	300
M478654	大王Attento愛適多長時間元氣褲L 8片（M478654）	日用品	包	320
M478654-30	大王Attento愛適多長時間元氣褲L 8片（M478654-30）	日用品	包	150
M478733	中衛口罩-潮橘/30入	醫材	盒	200
M478740	中衛口罩-月河藍/30入	醫材	盒	170
M478771	大王CG稜鏡香氛限定款日用23cm(21片)（M478771）	日用品	包	130
M478771-30	大王CG稜鏡香氛限定款日用23cm(21片)（M478771-30）	日用品	包	210
M478788	大王CG稜鏡香氛限定款日用25cm(18片)（M478788）	日用品	包	60
M478788-30	大王CG稜鏡香氛限定款日用25cm(18片)（M478788-30）	日用品	包	200
M478812	中衛口罩-炫綠/30入	醫材	盒	100
M478843	中衛兒童口罩-丹寧牛仔/30入	醫材	盒	200
M478922	中衛口罩-黑+古銅/30入	醫材	盒	80
M478939	中衛口罩-黑+月河藍/30入	醫材	盒	140
M478946	中衛口罩-黑+櫻桃紅/30入	醫材	盒	130
M478960	獅王奈米樂超濃縮洗衣精660g	日用品	瓶	60
M478977	獅王奈米樂超濃縮洗衣精補充包900g	日用品	包	280
M478984	獅王奈米樂超濃縮抗菌洗衣精660g	日用品	瓶	220
M478991	獅王奈米樂超濃縮抗菌洗衣精補充包900g	日用品	包	210
M479002	日本獅王PRO TEC 頭皮養護控油洗髮精300g	日用品	瓶	190
M479019	日本獅王OCTO清屑舒癢洗髮精320ml	日用品	瓶	270
M479071	中衛口罩-裸橙/30入	醫材	盒	90
M479136	日本獅王細潔適齦佳音波震動牙刷	日用品	件	210
M479150	BO沐浴乳深層保濕 490ml	日用品	瓶	200
M479167	愛麗思極上美眠30㎝8片（M479167）	日用品	包	300
M479167-30	愛麗思極上美眠30㎝8片（M479167-30）	日用品	包	240
M479174	愛麗思極上美眠35㎝6片（M479174）	日用品	包	360
M479174-30	愛麗思極上美眠35㎝6片（M479174-30）	日用品	包	90
M479181	愛麗思極上美眠40㎝6片（M479181）	日用品	包	330
M479181-30	愛麗思極上美眠40㎝6片（M479181-30）	日用品	包	260
M479208	中衛-W博拭酒精濕紙巾30pcs	日用品	盒	390
M479253	中衛口罩-星空雪花/30入	醫材	盒	150
M479260	中衛口罩-緋紅雪花/30入	醫材	盒	100
M479349	中衛兒童口罩-丹寧牛仔/5入(屈)	醫材	組	170
M479356	中衛兒童口罩-潮橘/5入(屈)	醫材	組	140
M479363	中衛兒童口罩-軍綠迷彩/5入(屈)	醫材	組	160
M479387	中衛兒童口罩-潮橘/30入	醫材	盒	180
M479394	中衛兒童口罩-軍綠迷彩/30入	醫材	盒	230
M479404	百齡護牙漱口水超級護齦-綠茶(500+250+500)OP組 /SET	日用品	組	380
M479442	綠的植系濃縮洗潔精_高效去油(650ml)+補充包(500ml)	日用品	個	350
M479459	綠的植系濃縮洗潔精_深層去味(650ml)+補充包(500ml)	日用品	個	170
M479466	獅王細潔無隱角EX牙刷亮白護齦	日用品	件	80
M479480	百齡護牙漱口水超級護齦-綠茶(500+250+500)OP組 量販版/SET（M479480）	日用品	組	190
M479514	百齡護牙漱口水超級護齦-晨露(500+250+500)OP組 量販版/SET	日用品	組	230
M479600	日本獅王衣領袖口酵素去污劑250 g	日用品	瓶	340
M479617	日本獅王衣物局部去漬劑160g	日用品	瓶	190
M479648	獅王細潔小頭牙刷 3入	日用品	包	220
M479655	獅王細潔牙周抗敏牙刷 3入	日用品	包	160
M479662	獅王細潔超柔護齦牙刷 3入	日用品	包	290
M479679	獅王細潔無隱角牙刷 小巧頭 2入	日用品	包	160
M479686	獅王細潔無隱角炭纖牙刷 中小頭 2入	日用品	包	340
M479693	獅王細潔無隱角EX牙刷抗敏護齦 2入	日用品	包	400
M479703	獅王細潔無隱角EX牙刷亮白護齦 2入	日用品	包	300
M479727	獅王晨醫生專業潔淨牙刷4入	日用品	包	150
M479758	日本獅王牙周淨護牙刷2入	日用品	包	270
M479765	獅王按摩齦牙刷2入	日用品	包	170
M479772	日本獅王NONIO終結口氣牙膏酷樂薄荷	日用品	件	390
M479789	獅王晨醫生專業潔淨牙刷	日用品	件	230
M479813	中衛-酒精棉片(標準)100pcs(屈)	醫材	盒	390
M479820	中衛-酒精棉片(加厚)20pcs(屈)	醫材	盒	160
M479837	中衛-優碘棉片12pcs(屈)	醫材	盒	720
M479840	百齡護牙漱口水超級護齦-綠茶(500+250+500)OP組 量販版/SET（M479840）	日用品	組	260
M479844	中衛-醫療用棉墊-速癒膜5入(屈)	醫材	盒	390
M479851	中衛-棉球100入(屈)	醫材	盒	630
M479868	中衛-護理隨身包(屈)	醫材	組	320
M479909	中衛口罩-月河晨曦/5入(屈)	醫材	組	110
M479923	中衛口罩-一類綠色/50入	醫材	盒	80
M479930	日本獅王NONIO終結口氣牙膏晶燦亮白130g	日用品	件	110
M479985	中衛口罩-夜幕灰/30入	醫材	盒	170
M481548	日本獅王細潔適齦佳極緻8效漱口水優雅果香薄荷	日用品	瓶	280
M481555	百齡鹹性牙膏180g	日用品	個	160
M481562	百齡鹹性牙膏200gx2入	日用品	組	200
M481579	百齡鹽粒牙膏170g	日用品	個	130
M481586	百齡鹽粒牙膏170gx2入	日用品	組	360
M481593	日本獅王細潔適齦佳極緻8效漱口水清新柑橘薄荷	日用品	瓶	350
M481603	日本獅王固齒佳酵素極致亮白牙膏 晶亮薄荷	日用品	件	230
M481610	日本獅王固齒佳酵素極致亮白牙膏 泫橘薄荷	日用品	件	280
M481641	大王Natura 娜舒雅輕失禁吸水棉 20.5cm5cc（M481641）	日用品	包	180
M481641-30	大王Natura 娜舒雅輕失禁吸水棉 20.5cm5cc（M481641-30）	日用品	包	80
M481658	大王Natura 娜舒雅輕失禁吸水棉 20.5cm15cc（M481658）	日用品	包	150
M481658-30	大王Natura 娜舒雅輕失禁吸水棉 20.5cm15cc（M481658-30）	日用品	包	70
M481665	大王Natura 娜舒雅輕失禁吸水棉 20.5cm30cc（M481665）	日用品	包	280
M481665-30	大王Natura 娜舒雅輕失禁吸水棉 20.5cm30cc（M481665-30）	日用品	包	250
M481672	大王Natura 娜舒雅輕失禁吸水棉 24cm50cc（M481672）	日用品	包	190
M481672-30	大王Natura 娜舒雅輕失禁吸水棉 24cm50cc（M481672-30）	日用品	包	160
M481689	大王Natura 娜舒雅輕失禁吸水棉 29cm130cc（M481689）	日用品	包	320
M481689-30	大王Natura 娜舒雅輕失禁吸水棉 29cm130cc（M481689-30）	日用品	包	100
M481706	綠的香氛保濕乾洗手凝露-葡萄柚&萊姆 40ML/EA	日用品	個	220
M481713	綠的香氛保濕乾洗手凝露-茉莉&佛手柑40ML/EA	日用品	個	220
M481744	大王側背雙防漏體驗包L	日用品	包	240
M481775	BOTANIST 植物性春櫻洗髮精(滋潤型) 櫻花&黑醋栗 490ML	日用品	瓶	230
M481782	BOTANIST 植物性春櫻潤髮乳(滋潤型) 櫻花&黑莓 490G	日用品	瓶	90
M481799	BOTANIST 植物性春櫻洗髮精(清爽型) 櫻花&桃子 490ML	日用品	瓶	310
M481809	BOTANIST 植物性春櫻潤髮乳(清爽柔順型) 櫻花&白草莓 490G	日用品	瓶	190
M481816	BOTANIST 植物性春櫻洗髮精(受損護理型) 櫻花&櫻桃 490ML	日用品	瓶	300
M481823	BOTANIST 植物性春櫻潤髮乳(受損護理型) 櫻花&覆盆莓 490G	日用品	瓶	190
M481830	BOTANIST 植物性春櫻沐浴乳(滋潤型) 櫻花&紫羅蘭 490ML	日用品	瓶	120
M481847	BOTANIST 植物性春櫻沐浴乳(深層保濕型) 櫻花&紫羅蘭 490ML	日用品	瓶	210
M481854	BOTANIST 植物性春意櫻花護髮膏(櫻花&佛手柑) 32G	日用品	瓶	140
M481885	大王ATTENTO側背雙防漏黏貼型紙尿褲M9(5回）	日用品	包	120
M481885-30	大王側背雙防漏黏貼型紙尿褲M 9片(5回）	日用品	包	190
M481892	大王ATTENTO側背雙防漏黏貼型紙尿褲L7(5回)	日用品	包	390
M481892-30	大王側背雙防漏黏貼型紙尿褲L 7片(5回）	日用品	包	360
M481902	裕民提袋 (小)	日用品	個	180
M481919	裕民提袋 (中)	日用品	個	180
M481933	中衛兒童口罩-青蘋綠/5入(屈)	醫材	組	160
M482178	BOTANIST 植物性洗髮精(滋潤) 490ML（M482178）	日用品	瓶	400
M482178-30	BOTANIST 植物性洗髮精(滋潤) 490ML（M482178-30）	日用品	瓶	160
M482185	BOTANIST 植物性潤髮乳(滋潤) 490G（M482185）	日用品	瓶	80
M482185-30	BOTANIST 植物性潤髮乳(滋潤) 490G（M482185-30）	日用品	瓶	340
M482192	BOTANIST 植物性洗髮精(清爽柔順) 490ML（M482192）	日用品	瓶	190
M482192-30	BOTANIST 植物性洗髮精(清爽柔順) 490ML（M482192-30）	日用品	瓶	330
M482202	BOTANIST 植物性潤髮乳(清爽柔順) 490G（M482202）	日用品	瓶	300
M482202-30	BOTANIST 植物性潤髮乳(清爽柔順) 490G（M482202-30）	日用品	瓶	200
M482219	BOTANIST 植物性洗髮精(受損護理) 490ML（M482219）	日用品	瓶	70
M482219-30	BOTANIST 植物性洗髮精(受損護理) 490ML（M482219-30）	日用品	瓶	390
M482226	BOTANIST 植物性潤髮乳(受損護理) 490G（M482226）	日用品	瓶	210
M482226-30	BOTANIST 植物性潤髮乳(受損護理) 490G（M482226-30）	日用品	瓶	310
M482233	BO植物性洗髮精(髮肌淨化)490ML	日用品	瓶	380
M482233-30	BOTANIST 植物性洗髮精(髮肌淨化) 490ML	日用品	瓶	340
M482240	BO植物性潤髮乳(髮肌淨化) 490G	日用品	瓶	390
M482240-30	BOTANIST 植物性潤髮乳(髮肌淨化) 490G	日用品	瓶	120
M482257	BOTANIST 植物性洗髮精(彈潤蓬鬆) 490ML（M482257）	日用品	瓶	260
M482257-30	BOTANIST 植物性洗髮精(彈潤蓬鬆) 490ML（M482257-30）	日用品	瓶	200
M482264	BOTANIST 植物性潤髮乳(彈潤蓬鬆) 490G（M482264）	日用品	瓶	170
M482264-30	BOTANIST 植物性潤髮乳(彈潤蓬鬆) 490G（M482264-30）	日用品	瓶	310
M482271	橙花燕麥沐浴露A 1000ml	日用品	個	360
M482288	橄欖葉沐浴露H 1000ml	日用品	個	210
M482295	洋梨小蒼蘭沐浴露A 1000ml	日用品	個	350
M482305	蘋果玫瑰沐浴露A 1000ml	日用品	個	320
M482312	男性運動修護沐浴乳D 850ml	日用品	個	400
M482343	男性運動控油沐浴乳 850ml	日用品	個	380
M482367	綠的男性沐浴露-能量大地A 750ml	日用品	個	90
M482374	中衛口罩-柑橙橘/50入	醫材	盒	120
M482398	裕民提袋 (大)	日用品	個	340
M482460	中衛口罩-月河藍+炫綠/30入	醫材	盒	90
M482477	中衛兒童口罩-月河藍+炫綠/30入	醫材	盒	120
M482532	中衛口罩-二類藍色/50入	醫材	盒	160
M482549	中衛口罩-二類綠色/50入	醫材	盒	170
M482563	大王Elleair 溫水洗淨便座專用衛生紙(無味)12捲入	日用品	包	240
M482570	大王Elleair 溫水洗淨便座專用衛生紙(花香)12捲入	日用品	包	80
M482659	中衛口罩-深丹寧+炫霓紫/30入	醫材	盒	170
M482738	中衛兒童口罩-月河晨曦/5入	醫材	組	130
M482752	中衛兒童口罩-月河晨曦/30入	醫材	盒	160
M482862	中衛口罩- 7-11 獨家玩色/5入	醫材	組	140
M482879	BO沐浴乳透明肌淨 490ml（M482879）	日用品	瓶	310
M482879-30	BO沐浴乳透明肌淨 490ml（M482879-30）	日用品	瓶	350
M482886	菲那絲健髮洗髮精-控油清爽D	日用品	個	190
M482893	菲那絲健髮洗髮精-控油抗屑D	日用品	個	190
M482903	菲那絲健髮洗髮精-控油養護D	日用品	個	210
M482927	日本大王Puana純淨然 無酒精濕紙巾 盒裝47抽（M482927）	日用品	包	130
M482927-30	日本大王Puana純淨然 無酒精濕紙巾 盒裝47抽（M482927-30）	日用品	包	350
M482934-30	日本大王Puana純淨然 無酒精濕紙巾 補充包47抽*3包	日用品	包	330
M482941	日本大王Puana純淨然 無酒精濕紙巾 攜帶包30抽（M482941）	日用品	包	140
M482941-30	日本大王Puana純淨然 無酒精濕紙巾 攜帶包30抽（M482941-30）	日用品	包	70
M482958-30	日本大王Puana純淨然 酒精濕紙巾 盒裝42抽	日用品	包	140
M482965-30	日本大王Puana純淨然 酒精濕紙巾 補充包42抽*3包	日用品	包	180
M482972	日本大王Puana純淨然 酒精濕紙巾 攜帶包30抽（M482972）	日用品	包	190
M482972-30	日本大王Puana純淨然 酒精濕紙巾 攜帶包30抽（M482972-30）	日用品	包	220
M482989	日本大王Puana純淨然 純水濕紙巾 盒裝62抽（M482989）	日用品	包	230
M482989-30	日本大王Puana純淨然 純水濕紙巾 盒裝62抽（M482989-30）	日用品	包	70
M482996	日本大王Puana純淨然 純水濕紙巾 補充包62抽*3包（M482996）	日用品	包	230
M482996-30	日本大王Puana純淨然 純水濕紙巾 補充包62抽*3包（M482996-30）	日用品	包	320
M483007	日本大王Puana純淨然 純水濕紙巾 攜帶包32抽（M483007）	日用品	包	260
M483007-30	日本大王Puana純淨然 純水濕紙巾 攜帶包32抽（M483007-30）	日用品	包	70
M483045	中衛兒童口罩-海芋黃/30入	醫材	盒	140
M483052	菲那絲健髮清爽贈D 400ML	日用品	組	90
M483083	大王長時間膚適安心褲型5回吸收男女共用 M16（M483083）	日用品	包	400
M483083-30	大王長時間膚適安心褲型5回吸收男女共用 M16（M483083-30）	日用品	包	260
M483090	大王長時間膚適安心褲型5回吸收男女共用 L14	日用品	包	380
M483090-30	大王愛適多長時間膚適安心褲型5回吸收男女共用 L14	日用品	包	170
M483210	中衛口罩-怪獸國度成人/5入	醫材	組	220
M483227	中衛口罩-怪獸國度兒童/5入	醫材	組	220
M483265	中衛口罩-台北時裝週口罩20片	醫材	盒	250
M483313-30	愛麗思 GO可愛 finlayson限定版 (日用少量) 36片 17㎝	日用品	包	230
M483320-30	愛麗思 GO可愛 finlayson限定版 蝶翼 28片20.5㎝	日用品	包	290
M483337	愛麗思 GO可愛 finlayson限定版 蝶翼 23片 23㎝（M483337）	日用品	包	80
M483337-30	愛麗思 GO可愛 finlayson限定版 蝶翼 23片 23㎝（M483337-30）	日用品	包	140
M483344	愛麗思 GO可愛 finlayson限定版 (日用量多)蝶翼 19片25㎝.	日用品	包	300
M483344-30	愛麗思 GO可愛 finlayson限定版 (日用量多)蝶翼 19片25㎝	日用品	包	350
M483351-30	愛麗思 GO可愛 finlayson限定版 (夜用量大)蝶翼15片29㎝	日用品	包	310
M483368-30	愛麗思 GO可愛 finlayson限定版 (夜用量大)蝶翼14片33㎝	日用品	包	350
M483375	愛麗思 CLINICS 吸收量升級*量特多專用衛生棉（M483375）	日用品	包	60
M483375-30	愛麗思 CLINICS 吸收量升級*量特多專用衛生棉（M483375-30）	日用品	包	140
M483492	獅王細潔無隱角EX牙刷 牙周專護	日用品	個	400
M483502	獅王細潔彈力Super牙刷	日用品	個	300
M483571	日本獅王細潔適齦佳極緻8效牙膏優雅果香薄荷	日用品	個	290
M483588	日本獅王細潔適齦佳極緻8效牙膏清新柑橘薄荷	日用品	個	280
M483629	日本獅王趣淨料理手抗菌去味慕斯230ml柑橘	日用品	瓶	240
M483636	日本獅王趣淨料理手抗菌去味慕斯補充包180ml柑橘	日用品	包	270
M483643	日本獅王趣淨敏弱肌專用洗手慕斯450ml	日用品	瓶	70
M483674	綠的水潤抗菌潔手乳-綠茶 400ml/EA	日用品	個	320
M483681	綠的水潤抗菌潔手乳-橙花 400ml/EA	日用品	個	270
M483698	綠的水潤抗菌潔手乳-紫羅蘭 400ml/EA	日用品	個	190
M483708	綠的水潤抗菌潔手乳-綠茶 3800ml/EA	日用品	個	100
M483715	日本大王elleair 超厚吸油吸水廚房紙巾(抽取式)100抽（M483715）	日用品	包	250
M483715-30	日本大王elleair 超厚吸油吸水廚房紙巾(抽取式)100抽（M483715-30）	日用品	包	110
M483722	日本大王elleair 油切清潔廚房紙巾(抽取式) 80抽3包（M483722）	日用品	包	310
M483722-30	日本大王elleair 油切清潔廚房紙巾(抽取式) 80抽3包（M483722-30）	日用品	包	190
M483739	日本大王elleair 油切清潔廚房紙巾(抽取式) 80抽6包（M483739）	日用品	包	170
M483739-30	日本大王elleair 油切清潔廚房紙巾(抽取式) 80抽6包（M483739-30）	日用品	包	80
M483746	日本大王elleair 強韌清潔廚房紙抹布(抽取式)200抽（M483746）	日用品	包	190
M483746-30	日本大王elleair 強韌清潔廚房紙抹布(抽取式)200抽（M483746-30）	日用品	包	90
M483753	日本大王elleair 柔韌吸水擦手紙巾(抽取式)200抽3包（M483753）	日用品	包	130
M483753-30	日本大王elleair 柔韌吸水擦手紙巾(抽取式)200抽3包（M483753-30）	日用品	包	380
M483760	日本大王elleair 柔韌吸水擦手紙巾(抽取式)200抽5包（M483760）	日用品	包	110
M483760-30	日本大王elleair 柔韌吸水擦手紙巾(抽取式)200抽5包（M483760-30）	日用品	包	80
M483777	愛適多 防漏強力超吸收男女共用紙尿片 39片（M483777）	日用品	包	280
M483777-30	愛適多 防漏強力超吸收男女共用紙尿片 39片（M483777-30）	日用品	包	280
M483849	中衛口罩-耀金雪花/5片	醫材	組	190
M483856	中衛口罩-燦銀雪花5片	醫材	組	80
M483863-30	日本大王Puana純淨然 無酒精濕紙巾 攜帶包30抽(股東會贈品用)	日用品	包	390
M483870-30	日本大王Puana純淨然 酒精濕紙巾 攜帶包30抽(股東會贈品用)	日用品	包	70
M483911	中衛口罩-Ocean海洋款25片(屈)	醫材	盒	180
M483935	鳶尾花抗菌沐浴組(瓶+補)	日用品	組	290
M483966	洋梨小蒼蘭沐浴露2入組	日用品	組	340
M484039	中衛口罩-DC超級寵物軍團-成人30片	日用品	盒	150
M484163	BO護髮膜(滋潤型)（M484163）	日用品	件	60
M484163-30	BO護髮膜(滋潤型)（M484163-30）	日用品	件	380
M484170	BO護髮膜(清爽型)（M484170）	日用品	件	390
M484170-30	BO護髮膜(清爽型)（M484170-30）	日用品	件	60
M484187	BO護髮膜(受損護理型)（M484187）	日用品	件	180
M484187-30	BO護髮膜(受損護理型)（M484187-30）	日用品	件	170
M484204-30	新素肌2入組20.5cm 22P*2	日用品	包	340
M484211	新素肌2入組29cm 10P*2（M484211）	日用品	包	200
M484211-30	新素肌2入組29cm 10P*2（M484211-30）	日用品	包	240
M484228	愛麗思森林棉36P(17cm)（M484228）	日用品	包	280
M484228-30	愛麗思森林棉36P(17cm)（M484228-30）	日用品	包	100
M484235	愛麗思森林棉19P(25cm)（M484235）	日用品	包	310
M484235-30	愛麗思森林棉19P(25cm)（M484235-30）	日用品	包	400
M484242	愛麗思森林棉15P(29cm)（M484242）	日用品	包	140
M484242-30	愛麗思森林棉15P(29cm)（M484242-30）	日用品	包	200
M484259	綠的植物系潔手慕斯-檸檬伯爵補充瓶 300ml /EA	日用品	個	220
M484266	綠的植物系潔手慕斯-檸檬伯爵加侖桶 3800ml /EA	日用品	個	140
M484273	日本大王超潔亮!廁所專用清潔抗菌濕巾清爽花香 盒裝10抽（M484273）	日用品	盒	310
M484273-30	日本大王超潔亮!廁所專用清潔抗菌濕巾清爽花香 盒裝10抽（M484273-30）	日用品	盒	300
M484280	日本大王超潔亮!廁所專用清潔抗菌濕巾清爽花香 補充包10抽*2包（M484280）	日用品	包	260
M484280-30	日本大王超潔亮!廁所專用清潔抗菌濕巾清爽花香 補充包10抽*2包（M484280-30）	日用品	包	190
M484297	日本大王超潔亮!廁所專用清潔抗菌濕巾幸福玫瑰 盒裝10抽（M484297）	日用品	盒	260
M484297-30	日本大王超潔亮!廁所專用清潔抗菌濕巾幸福玫瑰 盒裝10抽（M484297-30）	日用品	盒	220
M484307	日本大王超潔亮!廁所專用清潔抗菌濕巾幸福玫瑰 補充包10抽*2包（M484307）	日用品	包	70
M484307-30	日本大王超潔亮!廁所專用清潔抗菌濕巾幸福玫瑰 補充包10抽*2包（M484307-30）	日用品	包	110
M484314	日本大王超潔亮!廁所專用清潔抗菌濕巾柑橘薄荷 盒裝10抽（M484314）	日用品	盒	110
M484314-30	日本大王超潔亮!廁所專用清潔抗菌濕巾柑橘薄荷 盒裝10抽（M484314-30）	日用品	盒	210
M484321	日本大王超潔亮!廁所專用清潔抗菌濕巾柑橘薄荷 補充包10抽*2包（M484321）	日用品	包	120
M484321-30	日本大王超潔亮!廁所專用清潔抗菌濕巾柑橘薄荷 補充包10抽*2包（M484321-30）	日用品	包	320
M484352	綠的男士超淨效三合一潔淨露 500ML	日用品	瓶	380
M484369	中衛口罩-月河藍/30入(7-11)	醫材	盒	230
M484376	中衛口罩-單寧牛仔/30入(7-11)	醫材	盒	240
M484400	百齡護牙周到-PURE淨護齦牙膏-草本薄荷	日用品	個	300
M484417	百齡護牙周到牙膏-超級護齦W-口氣清新配方110g	日用品	個	310
M484424	百齡護牙周到牙膏-超級護齦W-牙齦強化配方110g	日用品	個	80
M484431	百齡護牙周到牙膏-超級護齦W-琺瑯質修護配方110g	日用品	個	340
M484527	中衛口罩-豹吻口罩/5入	醫材	組	250
M484644	中衛口罩-混色口罩夜幕灰+軍綠/6入(全聯)	醫材	組	140
M484651	中衛口罩-混色口罩海芋黃+薰衣紫/6入(全聯)	醫材	組	230
M484699	中衛醫療純白口罩30片-灰藍粉耳帶(屈)	醫材	盒	120
M484754	BOTANIST植物性春季櫻花洗髮精(滋潤型)490ML（M484754）	日用品	瓶	190
M484754-30	BOTANIST植物性春季櫻花洗髮精(滋潤型)490ML（M484754-30）	日用品	瓶	290
M484761	BOTANIST植物性春季櫻花潤髮乳(滋潤型)490G（M484761）	日用品	瓶	60
M484761-30	BOTANIST植物性春季櫻花潤髮乳(滋潤型)490G（M484761-30）	日用品	瓶	370
M484778	BOTANIST植物性春季櫻花洗髮精(清爽型)490ML（M484778）	日用品	瓶	320
M484778-30	BOTANIST植物性春季櫻花洗髮精(清爽型)490ML（M484778-30）	日用品	瓶	370
M484785	BOTANIST植物性春季櫻花潤髮乳(清爽型)490G（M484785）	日用品	瓶	210
M484785-30	BOTANIST植物性春季櫻花潤髮乳(清爽型)490G（M484785-30）	日用品	瓶	90
M484792	BOTANIST植物性春季櫻花洗髮精(受損護理型)490ML（M484792）	日用品	瓶	250
M484792-30	BOTANIST植物性春季櫻花洗髮精(受損護理型)490ML（M484792-30）	日用品	瓶	330
M484802	BOTANIST植物性春季櫻花潤髮乳(受損護理型)490G（M484802）	日用品	瓶	60
M484802-30	BOTANIST植物性春季櫻花潤髮乳(受損護理型)490G（M484802-30）	日用品	瓶	330
M484819	BOTANIST植物性春季櫻花沐浴乳(深層保濕型)490ML（M484819）	日用品	瓶	150
M484819-30	BOTANIST植物性春季櫻花沐浴乳(深層保濕型)490ML（M484819-30）	日用品	瓶	200
M484826	綠的潔手乳加侖桶-茶樹清香 3800ml /EA	日用品	個	280
M484864	綠的植物抗菌潔手慕斯-水族樂園 400ML	日用品	個	70
M484871	綠的植物抗菌潔手慕斯-繽紛水果 400ML	日用品	個	280
M484888	綠的植物抗菌潔手慕斯-開心花園 400ML	日用品	個	240
M484895	日本獅王NONIO終結口氣漱口水浸潤薄荷	日用品	瓶	80
M484905	綠的植物抗菌潔手露-小蒼蘭&梨子 350ML	日用品	個	190
M484912	綠的植物抗菌潔手露-馬鞭草&洋甘菊 350ML	日用品	個	370
M484929	綠的植物抗菌潔手露-檸檬&柑橘 350ML	日用品	個	200
M484936	中衛口罩-DC超級寵物軍團-兒童30片	日用品	盒	110
M484950	日本獅王細潔無隱角EX牙刷極柔護齦	日用品	件	230
M484967	日本獅王細潔寬薄牙刷椰萃護齦	日用品	件	190
M484974	日本獅王細潔寬薄牙刷炭能抗菌	日用品	件	130
M484981	日本獅王NONIO終結口氣漱口水晶燦亮白	日用品	瓶	400
M485016	中衛醫療純白口罩30片-紫藍白耳帶(屈)	醫材	盒	190
M485171	中衛醫療純白口罩30片-灰炫紫耳帶	醫材	盒	160
M485188	中衛醫療純白口罩30片-灰藍粉耳帶	醫材	盒	110
M485195	百齡護牙周到-PURE淨護齦牙膏-柑橘薄荷	日用品	個	210
M485298	綠的植物抗菌潔手慕斯-水族樂園(嚕嚕米限定款)/EA	日用品	個	220
M485308	綠的植物抗菌潔手慕斯-繽紛水果(嚕嚕米限定款))/EA	日用品	個	350
M485322	綠的抗菌潔手乳1+1 -茶樹清新/SET	日用品	組	400
M485346	百齡護牙周到漱口水-超級護齦W-晶鹽薄荷750ML(嚕嚕米限定款)	日用品	瓶	390
M485353	百齡雙氟防蛀兒童漱口水-香檳葡萄500ML(嚕嚕米限定款)	日用品	瓶	120
M485470	大王愛適多防漏超吸收男女共紙尿片51片	日用品	包	280
M485470-30	大王愛適多防漏超吸收女性用紙尿片51片	日用品	包	400
M485487	大王愛適多防漏強力超吸收男女共用紙尿片33片（M485487）	日用品	包	210
M485487-30	大王愛適多防漏強力超吸收男女共用紙尿片33片（M485487-30）	日用品	包	390
M485528	大王elleair奢侈保濕柔霜面紙(200抽)（M485528）	日用品	包	150
M485528-30	大王elleair奢侈保濕柔霜面紙(200抽)（M485528-30）	日用品	包	250
M485566	中衛聯名口罩30片-姐姐2022款	醫材	盒	160
M485573	中衛聯名口罩30片-姐姐2022款(屈)	醫材	盒	130
M485607	中衛醫療口罩-牛仔COOL成人25片(屈)	醫材	盒	140
M485614	中衛醫療口罩-牛仔COOL兒童25片(屈)	醫材	盒	190
M485652-30	大王Elleair 溫水洗淨便座專用衛生紙(萬聖節限定款)12捲入	日用品	包	210
M485669	中衛醫療純白口罩30片-秋紅褐耳帶(屈)	醫材	盒	100
M485676	中衛醫療純白口罩30片-秋紅褐白耳帶(屈)	醫材	盒	80
M485724	日本獅王趣淨敏弱肌專用洗手慕斯補充包400ml	日用品	包	330
M485731	日本獅王趣淨抗菌洗手慕斯補充包200ML柑橘A	日用品	包	270
M485748	日本獅王趣淨抗菌洗手慕斯補充包450ML柑橘A	日用品	包	200
M485755	日本獅王趣淨抗菌洗手慕斯補充包450ML果香A	日用品	包	80
M485793	日本大王elleair 超吸收廚房紙巾(抽取式)100抽2入（M485793）	日用品	包	300
M485793-30	日本大王elleair 超吸收廚房紙巾(抽取式)100抽2入（M485793-30）	日用品	包	90
M485827	中衛口罩-航海王懸賞圖款/5入	醫材	組	170
M486031-30	大王Elleair 溫水洗淨便座專用衛生紙(聖誕限定款) 12捲入	日用品	包	60
M486220	中衛口罩-中衛金馬59聯名款/12入(屈)	醫材	盒	240
M486347	中衛醫療3D立體口罩30片-丹寧牛仔(屈)	醫材	盒	180
M486354	中衛醫療口罩30片-初心雪花(屈)	醫材	盒	150
M486361	中衛醫療口罩30片-冀望雪花(屈)	醫材	盒	130
M486385	中衛醫療兒童口罩30片-冀望雪花(屈)	醫材	盒	100
M486419	中衛醫療兒童口罩30片-初心雪花	醫材	盒	90
M486426	中衛醫療兒童口罩30片-冀望雪花	醫材	盒	120
M486433	中衛醫療3D立體口罩30片-酷黑迷彩(屈)	醫材	盒	140
M486440	中衛醫療3D立體口罩30片-軍綠迷彩(屈)	醫材	盒	130
M486457	綠的植物抗菌潔手慕斯-水族樂園 加侖桶 3800ml /EA	日用品	個	370
M486464	中衛醫療口罩30片-冬日款單色耳帶(屈)	醫材	盒	80
M486495	中衛醫療口罩30片-冬日款編織耳帶	醫材	盒	220
M486505	綠的山茶花抗菌沐浴1000ml	日用品	瓶	60
M486512	綠的山茶花沐浴補充700ml	日用品	包	400
M486660	大王紙包裝環保紙巾200抽（M486660）	日用品	包	70
M486660-30	大王紙包裝環保紙巾200抽（M486660-30）	日用品	包	310
M486684	百齡兒童漱口水-香檳葡萄100ml	日用品	瓶	90
M486691	百齡兒童漱口水隨身包-香檳葡萄(5ML*4包入)	日用品	個	60
M486701	綠的洋甘菊沐浴補充E 700ML	日用品	包	370
M486718	綠的百里香沐浴補充E 700ML	日用品	包	60
M486732	綠的抗菌潔手乳1+1 -桐花漫步/SET	日用品	組	350
M486756	中衛兒童口罩-Looney tunes新年款/15入(屈)	醫材	盒	210
M486763	中衛口罩-Looney tunes新年款/15入	醫材	盒	110
M486770	中衛兒童口罩-Looney tunes新年款/15入	醫材	盒	110
M486804	綠的綠茶抗菌沐浴Q1000ml	日用品	瓶	250
M486811	綠的鳶尾花抗菌沐浴B1000ml	日用品	瓶	90
M486828	綠的洋甘菊抗菌沐浴Q1000ml	日用品	瓶	350
M486835	綠的百里香抗菌沐浴Q1000ml	日用品	瓶	170
M486842	綠的檸檬香蜂草抗菌沐浴Q1000ml	日用品	瓶	270
M486859	綠的綠茶沐浴補充E 700ML	日用品	包	120
M486866	綠的鳶尾花沐浴補充B 700ML	日用品	包	270
M486880	綠的檸檬香蜂草沐浴補充E 700ML	日用品	包	100
M486897	綠的綠茶沐浴加侖桶E	日用品	瓶	80
M486907	綠的百里香沐浴加侖桶B	日用品	瓶	190
M486914	綠的男性抗菌沐浴乳-植萃控油率性麝香650ml	日用品	瓶	70
M486921	綠的男性抗菌沐浴乳-植萃控油沉穩麝香650ML	日用品	瓶	370
M486938	綠的男性抗菌沐浴乳-植萃控油極限草本650ML	日用品	瓶	220
M486969	綠的百里香沐浴350D 350ML	日用品	瓶	180
M486976	BOTANIST植物性春意洗髮精(滋潤型)櫻花&黑醋栗490ML（M486976）	日用品	瓶	390
M486976-30	BOTANIST植物性春意洗髮精(滋潤型)櫻花&黑醋栗490ML（M486976-30）	日用品	瓶	160
M486990	BOTANIST植物性春意洗髮精(清爽型)櫻花&黑醋栗490ML（M486990）	日用品	瓶	120
M486990-30	BOTANIST植物性春意洗髮精(清爽型)櫻花&黑醋栗490ML（M486990-30）	日用品	瓶	220
M487018	BOTANIST植物性春意洗髮精(受損護理型)櫻花&黑醋栗490ML（M487018）	日用品	瓶	360
M487018-30	BOTANIST植物性春意洗髮精(受損護理型)櫻花&黑醋栗490ML（M487018-30）	日用品	瓶	380
M487025	BOTANIST植物性春意潤髮乳(受損護理型)櫻花&蔓越莓490G（M487025）	日用品	瓶	130
M487025-30	BOTANIST植物性春意潤髮乳(受損護理型)櫻花&蔓越莓490G（M487025-30）	日用品	瓶	390
M487056	BOTANIST植物性春意沐浴慕斯(滋潤型)櫻花&紫羅蘭490ML（M487056）	日用品	瓶	150
M487056-30	BOTANIST植物性春意沐浴慕斯(滋潤型)櫻花&紫羅蘭490ML（M487056-30）	日用品	瓶	370
M487063	BOTANIST植物性春意沐浴慕斯(深層保濕型)櫻花&紫羅蘭490ML（M487063）	日用品	瓶	330
M487063-30	BOTANIST植物性春意沐浴慕斯(深層保濕型)櫻花&紫羅蘭490ML（M487063-30）	日用品	瓶	110
M487087	中衛醫療4D立體口罩20片-深丹寧(屈)	醫材	盒	100
M487104	中衛口罩-森林主題款25片	醫材	盒	240
M487221	菲那絲健髮洗髮精-控油清爽E 400ML	日用品	瓶	140
M487238	菲那絲健髮洗髮精-控油蓬鬆400ML	日用品	瓶	70
M487245	日本獅王固齒佳Pro酵素亮白牙膏95g	日用品	個	70
M487252	綠的植物抗菌潔手慕斯-開心花園 加侖桶 3800ml /EA	日用品	個	330
M487276	日本獅王NONIO終結口氣漱口水澄橘薄荷600ml	日用品	瓶	370
M487300	日本大王家庭清潔除菌酒精濕巾(蘆薈配方)桶裝100抽（M487300）	日用品	瓶	340
M487300-30	日本大王家庭清潔除菌酒精濕巾(蘆薈配方)桶裝100抽（M487300-30）	日用品	瓶	110
M487317	日本大王家庭清潔除菌酒精濕巾(蘆薈配方)桶裝補充包80抽（M487317）	日用品	包	230
M487317-30	日本大王家庭清潔除菌酒精濕巾(蘆薈配方)桶裝補充包80抽（M487317-30）	日用品	包	170
M487324	日本大王家庭清潔除菌酒精濕巾(蘆薈配方)桶裝補充包80抽*2包（M487324）	日用品	包	340
M487324-30	日本大王家庭清潔除菌酒精濕巾(蘆薈配方)桶裝補充包80抽*2包（M487324-30）	日用品	包	140
M487331	大王Attento超透氣舒適復健褲M量販包22片（M487331）	日用品	包	220
M487331-30	大王Attento超透氣舒適復健褲M量販包22片（M487331-30）	日用品	包	160
M487348	大王Attento超透氣舒適復健褲L量販包20片（M487348）	日用品	包	220
M487348-30	大王Attento超透氣舒適復健褲L量販包20片（M487348-30）	日用品	包	350
M487355	日本大王家庭清潔除菌酒精濕巾(蘆薈配方)桶裝補充包80抽*3包（M487355）	日用品	包	310
M487355-30	日本大王家庭清潔除菌酒精濕巾(蘆薈配方)桶裝補充包80抽*3包（M487355-30）	日用品	包	150
M487362	日本大王家庭清潔除菌酒精濕巾 (蘆薈配方)攜帶包10抽（M487362）	日用品	包	280
M487362-30	日本大王家庭清潔除菌酒精濕巾 (蘆薈配方)攜帶包10抽（M487362-30）	日用品	包	80
M487379	日本大王家庭清潔除菌酒精濕巾(蘆薈配方)攜帶包10抽*3包（M487379）	日用品	包	80
M487379-30	日本大王家庭清潔除菌酒精濕巾(蘆薈配方)攜帶包10抽*3包（M487379-30）	日用品	包	190
M487386	日本大王家庭清潔除菌酒精濕巾(蘆薈配方)攜帶包32抽（M487386）	日用品	包	220
M487386-30	日本大王家庭清潔除菌酒精濕巾(蘆薈配方)攜帶包32抽（M487386-30）	日用品	包	390
M487393	日本大王家庭清潔除菌酒精濕巾(蘆薈配方)攜帶包32抽*2包（M487393）	日用品	包	220
M487393-30	日本大王家庭清潔除菌酒精濕巾(蘆薈配方)攜帶包32抽*2包（M487393-30）	日用品	包	380
M487427	中衛口罩-麥飯石灰/50入(新)	醫材	盒	210
M487458	中衛口罩-櫻花粉/50入(新)	醫材	盒	170
M487496	中衛口罩-酷黑/50入(新)	醫材	盒	140
M487506	中衛口罩-深丹寧/50入(新)	醫材	盒	230
M487544	中衛口罩-夜幕灰/30入(新)	醫材	盒	150
M487582	中衛醫療口罩50片-平面素色混色款(屈)	醫材	盒	160
M487599	中衛醫療口罩30片-平面素色/玩色混色款(屈)	醫材	盒	160
M487609	中衛醫療口罩30片-平面印花混色款(屈)	醫材	盒	180
M487616	中衛醫療口罩30片-3D素色混色款(屈)	醫材	盒	100
M487623	中衛醫療口罩30片-3D印花混色款(屈)	醫材	盒	120
M487630	中衛醫療口罩20片-4D素色混色款(屈)	醫材	盒	170
M487647	中衛醫療口罩20片-4D印花混色款(屈)	醫材	盒	180
M487881	日本獅王固齒佳Pro酵素全效牙膏晨淨薄荷95G	日用品	個	400
M487953	中衛-滅菌棉棒－7.5cmX5mm10入(屈)	醫材	個	600
M487960	中衛-滅菌Y型不織布墊(5x5cm/2入)(屈)	醫材	個	200
M487977	中衛-滅菌棉棒-15cmX5mm10入(屈)	醫材	個	620
M487984	中衛-滅菌棉棒15cm*10mm10入(屈)	醫材	個	550
M487991	中衛-藥用紗布-滅菌不織布墊5X5CM 10入(屈)	醫材	個	500
M488002	中衛-藥用紗布-滅菌不織布墊7.5X7.5CM 5入(屈)	醫材	個	640
M488019	中衛-藥用紗布-滅菌不織布墊10X10CM 3入(屈)	醫材	個	820
M488026	中衛-滅菌Ｙ型不織布墊-10x10cm 2入(屈)	醫材	個	570
M488033	中衛-滅菌棉棒-沖洗型-15cmX25mm 5入(屈)	醫材	個	790
M488040	中衛-舒怡安網狀彈性繃帶-手指30cm(屈)	醫材	個	340
M488057	中衛-舒怡安網狀彈性繃帶-手部30cm(屈)	醫材	個	730
M488064	中衛-舒怡安網狀彈性繃帶-腳部30cm(屈)	醫材	個	250
M488071	中衛-酒精棉片6片(屈)	醫材	盒	390
M488088-30	日本大王 愛適多輕柔時尚復健褲M24片(2回)	日用品	包	190
M488095-30	日本大王 愛適多輕柔時尚復健L22片(2回)	日用品	包	310
M488105-30	日本大王 愛適多輕柔時尚尿片24片(2回)	日用品	包	330
M488112	中衛-優碘棉片4片(屈)	醫材	盒	250
M488129	中衛-口腔清潔棒不含牙粉(5入/包)(屈)	日用品	個	210
M488136	中衛-醫用繃帶繃帶7.5CMx9M(屈)	醫材	個	780
M488143	中衛-醫用繃帶彈性紗捲7.5CMx4.6M(屈)	醫材	個	880
M488150	中衛-酒精棉片3035(加厚型)(100pcs/盒)(屈)	醫材	個	380
M488174	百齡護牙周到PRO漱口水-深層抗菌配方750ml	日用品	瓶	190
M488181	百齡護牙周到PRO漱口水-防蛀抗菌配方750ml	日用品	瓶	60
M488198	百齡護牙周到PRO漱口水-清新抗菌配方750ml	日用品	瓶	280
M488208	百齡護牙周到PRO漱口水-深層抗菌配方500ml	日用品	瓶	190
M488325	日本大王家庭清潔除菌酒精濕巾 抗菌成份PLUS升級版 桶裝80抽（M488325）	日用品	瓶	260
M488325-30	日本大王家庭清潔除菌酒精濕巾 抗菌成份PLUS升級版 桶裝80抽（M488325-30）	日用品	瓶	130
M488332	日本大王家庭清潔除菌酒精濕巾 抗菌成份PLUS升級版 桶裝補充包70抽（M488332）	日用品	包	90
M488332-30	日本大王家庭清潔除菌酒精濕巾 抗菌成份PLUS升級版 桶裝補充包70抽（M488332-30）	日用品	包	230
M488349	日本大王家庭清潔除菌酒精濕巾 抗菌成份PLUS升級版 桶裝補充包70抽*2包（M488349）	日用品	包	150
M488349-30	日本大王家庭清潔除菌酒精濕巾 抗菌成份PLUS升級版 桶裝補充包70抽*2包（M488349-30）	日用品	包	330
M488356	日本大王家庭清潔除菌酒精濕巾 抗菌成份PLUS升級版 桶裝補充包70抽*3包（M488356）	日用品	包	190
M488356-30	日本大王家庭清潔除菌酒精濕巾 抗菌成份PLUS升級版 桶裝補充包70抽*3包（M488356-30）	日用品	包	150
M488363	日本大王家庭清潔除菌酒精濕巾 抗菌成份PLUS升級版 攜帶包30抽（M488363）	日用品	包	220
M488363-30	日本大王家庭清潔除菌酒精濕巾 抗菌成份PLUS升級版 攜帶包30抽（M488363-30）	日用品	包	240
M488370	日本大王家庭清潔除菌酒精濕巾 蘆薈配方 盒裝42抽（M488370）	日用品	盒	260
M488370-30	日本大王家庭清潔除菌酒精濕巾 蘆薈配方 盒裝42抽（M488370-30）	日用品	盒	340
M488387	日本大王家庭清潔除菌酒精濕巾 蘆薈配方 盒裝補充包42抽*3包（M488387）	日用品	包	240
M488387-30	日本大王家庭清潔除菌酒精濕巾 蘆薈配方 盒裝補充包42抽*3包（M488387-30）	日用品	包	70
M488394	日本大王家庭清潔除菌酒精濕巾 蘆薈配方 盒裝補充包42抽*8包（M488394）	日用品	包	310
M488394-30	日本大王家庭清潔除菌酒精濕巾 蘆薈配方 盒裝補充包42抽*8包（M488394-30）	日用品	包	110
M488404	日本大王家庭清潔除菌酒精濕巾 抗菌成份PLUS升級版 盒裝40抽（M488404）	日用品	盒	390
M488404-30	日本大王家庭清潔除菌酒精濕巾 抗菌成份PLUS升級版 盒裝40抽（M488404-30）	日用品	盒	150
M488411	日本大王家庭清潔除菌酒精濕巾 抗菌成份PLUS升級版 盒裝補充包40抽*3包（M488411）	日用品	包	290
M488411-30	日本大王家庭清潔除菌酒精濕巾 抗菌成份PLUS升級版 盒裝補充包40抽*3包（M488411-30）	日用品	包	80
M488428	日本大王家庭清潔除菌酒精濕巾 抗菌成份PLUS升級版 盒裝補充包40抽*8包（M488428）	日用品	包	330
M488428-30	日本大王家庭清潔除菌酒精濕巾 抗菌成份PLUS升級版 盒裝補充包40抽*8包（M488428-30）	日用品	包	270
M488435	日本獅王細潔音波震動牙刷(組合)	日用品	個	210
M488442	日本獅王細潔寬薄牙刷茶究柔護	日用品	個	90
M488538	中衛醫療口罩-成人立體-3D夜幕灰(30片/盒)	醫材	盒	220
M488576	中衛醫療口罩-成人立體-3D酷黑(30片/盒)（M488576）	醫材	盒	220
M488655	中衛醫療口罩-成人立體-3D丹寧牛仔(30片/盒)	醫材	盒	240
M488662	中衛醫療口罩-成人立體-3D刷淡牛仔(30片/盒)	醫材	盒	170
M488686	中衛醫療口罩-成人立體-4D夜幕灰(20片/盒)（M488686）	醫材	盒	160
M488710	中衛醫療口罩-成人立體-4D 酷黑(20片/盒)	醫材	盒	180
M488758	中衛醫療口罩-成人立體-4D 刷淡牛仔(20片/盒)	醫材	盒	220
M488772	中衛口罩-牛仔 COOL 丹寧牛仔/30入	醫材	盒	180
M488789	中衛醫療口罩-成人立體-3D酷黑(30片/盒)（M488789）	醫材	盒	110
M488796	中衛醫療口罩-成人立體-SIMPLY WHITE白(30片/盒)	醫材	盒	230
M488806	中衛醫療口罩-成人立體-4D夜幕灰(20片/盒)（M488806）	醫材	盒	250
M488813	中衛醫療口罩-成人立體-4D麥飯石灰(20片/盒)	醫材	盒	120
M488820	中衛醫療口罩-成人立體-4D 經典丹寧牛仔(20片/盒)	醫材	盒	240
M488837	百齡護牙周到PRO漱口水-深層抗菌配方100ml	日用品	瓶	120
M488844	雙氟防蛀兒童漱口水500ML(花栗鼠瓶)-香檳葡萄香味	日用品	瓶	300
M488851	雙氟防蛀兒童漱口水500ML(花栗鼠瓶)-冰淇淋汽水香味	日用品	瓶	160
M488882	中衛口罩-一類綠色(厚款)/50入	醫材	盒	160
M488899	中衛口罩-一類粉色(厚款)/50入	醫材	盒	200
M488923	BOTANIST 植物性洗髮精(滋潤型)24年（M488923）	日用品	瓶	70
M488923-30	BOTANIST 植物性洗髮精(滋潤型)24年（M488923-30）	日用品	瓶	250
M488930	BOTANIST 植物性潤髮乳(滋潤型)24年（M488930）	日用品	瓶	320
M488930-30	BOTANIST 植物性潤髮乳(滋潤型)24年（M488930-30）	日用品	瓶	290
M488947	BOTANIST 植物性洗髮精(清爽柔順型)24年（M488947）	日用品	瓶	400
M488947-30	BOTANIST 植物性洗髮精(清爽柔順型)24年（M488947-30）	日用品	瓶	300
M488954	BOTANIST 植物性潤髮乳(清爽柔順型)24年（M488954）	日用品	瓶	250
M488954-30	BOTANIST 植物性潤髮乳(清爽柔順型)24年（M488954-30）	日用品	瓶	240
M488961	BOTANIST 植物性洗髮精(受損護理型)24年（M488961）	日用品	瓶	130
M488961-30	BOTANIST 植物性洗髮精(受損護理型)24年（M488961-30）	日用品	瓶	150
M488978	BOTANIST 植物性潤髮乳(受損護理型)24年（M488978）	日用品	瓶	80
M488978-30	BOTANIST 植物性潤髮乳(受損護理型)24年（M488978-30）	日用品	瓶	190
M488985	BOTANIST 植物性洗髮精(髮肌淨化型)24年（M488985）	日用品	瓶	130
M488985-30	BOTANIST 植物性洗髮精(髮肌淨化型)24年（M488985-30）	日用品	瓶	310
M488992	BOTANIST 植物性潤髮乳(髮肌淨化型)24年（M488992）	日用品	瓶	320
M488992-30	BOTANIST 植物性潤髮乳(髮肌淨化型)24年（M488992-30）	日用品	瓶	340
M489003	BOTANIST 植物性洗髮精(彈潤蓬鬆)24年（M489003）	日用品	瓶	180
M489003-30	BOTANIST 植物性洗髮精(彈潤蓬鬆)24年（M489003-30）	日用品	瓶	390
M489010	BOTANIST 植物性潤髮乳(彈潤蓬鬆)24年（M489010）	日用品	瓶	380
M489010-30	BOTANIST 植物性潤髮乳(彈潤蓬鬆)24年（M489010-30）	日用品	瓶	310
M489065	綠的植物抗菌潔手慕斯補充包-水族樂園300ML/EA	日用品	個	140
M489072	綠的植物抗菌潔手慕斯補充包-繽紛水果300ML/EA	日用品	個	220
M489175	大王elleair棉柔膚觸抽取式面紙150抽*3盒 (新)（M489175）	日用品	盒	200
M489175-30	大王elleair棉柔膚觸抽取式面紙150抽*3盒 (新)（M489175-30）	日用品	盒	250
M489199	BOTANIST 24年春季植物性洗髮精(清爽型)（M489199）	日用品	瓶	390
M489199-30	BOTANIST 24年春季植物性洗髮精(清爽型)（M489199-30）	日用品	瓶	350
M489209	BOTANIST 24年春季植物性洗髮精(受損護理型)（M489209）	日用品	瓶	370
M489209-30	BOTANIST 24年春季植物性洗髮精(受損護理型)（M489209-30）	日用品	瓶	190
M489216	BOTANIST 24年春季植物性沐浴乳(滋潤型)（M489216）	日用品	瓶	240
M489216-30	BOTANIST 24年春季植物性沐浴乳(滋潤型)（M489216-30）	日用品	瓶	160
M489223	BOTANIST 24年春季植物性沐浴慕斯(滋潤型)（M489223）	日用品	瓶	60
M489223-30	BOTANIST 24年春季植物性沐浴慕斯(滋潤型)（M489223-30）	日用品	瓶	130
M489292	綠的洗手乳及綠的沐浴乳(製藥股東會用)/SET	日用品	組	60
M489326	日本獅王NONIO終結口氣漱口水晶燦亮白補充包	日用品	個	340
M489333	日本獅王極薄多功音波電動牙刷NONIO專用亮白刷頭	日用品	個	70
M489340	日本獅王極薄多功音波電動牙刷細潔適齦佳專用刷頭	日用品	個	210
M489357	日本獅王極薄多功音波電動牙刷細潔專用刷頭	日用品	個	400
M489364	日本獅王極薄多功音波電動牙刷固齒佳專用刷頭	日用品	個	80
M489371	日本獅王極薄多功音波電動牙刷	日用品	個	310
M489388	日本獅王細潔浸透護齦EX旅行組	日用品	組	80
M489395	日本獅王奈米樂超濃縮抗菌洗衣精潔淨消臭（M489395）	日用品	個	380
M489405	日本獅王奈米樂超濃縮抗菌洗衣精室內晾衣（M489405）	日用品	個	290
M489412	日本獅王奈米樂超濃縮抗菌洗衣精補充包潔淨消臭（M489412）	日用品	個	280
M489429	日本獅王奈米樂超濃縮抗菌洗衣精補充包室內晾衣（M489429）	日用品	個	380
M489450	百齡護牙周到PRO全效牙膏-深層潔淨配方	日用品	個	180
M489467	百齡護牙周到PRO全效牙膏-清新抗敏配方	日用品	個	80
M489474	百齡護牙周到PRO全效牙膏-清涼淨白配方	日用品	個	90
M489515	獅王細潔無隱角EX牙刷牙周專護 2入	日用品	組	270
M489522	日本獅王酵素濃縮洗衣精	日用品	個	400
M489539	日本獅王抗菌濃縮洗衣精	日用品	個	340
M489546	日本獅王香氛柔軟濃縮洗衣精 抗菌白玫瑰	日用品	個	380
M489577	綠的水潤香氛沐浴露-鈴蘭&黑醋栗650ML	日用品	瓶	360
M489584	綠的水潤香氛沐浴露-蘋果&茉莉花650ML	日用品	瓶	320
M489591	綠的水潤香氛沐浴露-天竺葵&香草650ML	日用品	瓶	70
M489601	綠的男士超淨效三合一潔淨露-濃郁雪松500ML	日用品	瓶	280
M489618	綠的男士超淨效三合一潔淨露-濃郁海洋500ML	日用品	瓶	90
M489687	綠的植物抗菌潔手慕斯-水族樂園優惠組 400ml+300ML/SET	日用品	組	360
M489694	綠的水感抗菌沐浴露-茶樹1000ML	日用品	瓶	200
M489704	綠的水感抗菌沐浴露-清新海洋1000ML	日用品	瓶	370
M489711	百齡環保強韌雙線牙線棒(50支入)（M489711）	日用品	包	380
M489728	中衛醫療口罩-成人立體-3D天空藍(30片/盒)	醫材	盒	230
M489735	中衛醫療口罩-成人立體-3D櫻花粉(30片/盒)	醫材	盒	150
M489742	綠的弱酸溫和抗菌潔手露-木蘭&蜂蜜 400ML	日用品	個	290
M489759	綠的弱酸溫和抗菌潔手露-青草&檸檬草 400ML	日用品	個	330
M489766	綠的弱酸溫和抗菌潔手露-茉莉&檸檬400ML	日用品	個	260
M489773	百齡乳酸酵素牙膏-深層潔淨配方130G	日用品	個	110
M489780	百齡乳酸酵素牙膏-清新亮白配方130G	日用品	個	170
M489797	綠的抗菌皂3入-琥珀木質100g*3/SET	日用品	組	360
M489807	綠的抗菌皂6入-琥珀木質100g*6/SET	日用品	組	140
M489852	中衛醫療口罩-成人立體3D Purely Nude混色款(30片/盒)	醫材	盒	240
M489869	中衛醫療口罩 -成人立體3D Purely Nude10度(30片/盒)	醫材	盒	170
M489876	中衛醫療口罩-成人立體3D Purely Nude25度(30片/盒)	醫材	盒	250
M489883	中衛醫療口罩-成人立體3D Purely Nude40度(30片/盒)	醫材	盒	170
M489890	中衛醫療口罩-成人立體3D Purely Nude55度(30片/盒)	醫材	盒	210
M489900	中衛醫療口罩-成人立體3D Purely Nude70度(30片/盒)	醫材	盒	140
M489917	中衛醫療口罩-成人立體3D Purely Nude85度(30片/盒)	醫材	盒	150
M489993	大王NATURA娜舒雅輕失禁吸水棉5CC/36片17CM_2024（M489993）	日用品	包	130
M489993-30	大王NATURA娜舒雅輕失禁吸水棉5CC/36片17CM_2024（M489993-30）	日用品	包	110
M490074	BOTANIST 24年夏季植物性洗髮精(清爽型) 460mL（M490074）	日用品	瓶	270
M490074-30	BOTANIST 24年夏季植物性洗髮精(清爽型) 460mL（M490074-30）	日用品	瓶	130
M490081	BOTANIST 24年夏季植物性潤髮乳(清爽型) 460g（M490081）	日用品	瓶	70
M490081-30	BOTANIST 24年夏季植物性潤髮乳(清爽型) 460g（M490081-30）	日用品	瓶	120
M490098	BOTANIST 24年夏季植物性洗髮精(受損護理型) 460mL（M490098）	日用品	瓶	350
M490098-30	BOTANIST 24年夏季植物性洗髮精(受損護理型) 460mL（M490098-30）	日用品	瓶	320
M490108	BOTANIST 24年夏季植物性潤髮乳(受損護理型) 460g（M490108）	日用品	瓶	140
M490108-30	BOTANIST 24年夏季植物性潤髮乳(受損護理型) 460g（M490108-30）	日用品	瓶	230
M490115	BOTANIST 24年夏季植物性沐浴乳(滋潤型) 490mL（M490115）	日用品	瓶	360
M490115-30	BOTANIST 24年夏季植物性沐浴乳(滋潤型) 490mL（M490115-30）	日用品	瓶	90
M490122	BOTANIST 24年夏季植物性沐浴乳(清爽型) 490mL（M490122）	日用品	瓶	240
M490122-30	BOTANIST 24年夏季植物性沐浴乳(清爽型) 490mL（M490122-30）	日用品	瓶	110
M490139	BOTANIST 24年夏季植物性沐浴慕斯(滋潤型) 450mL（M490139）	日用品	瓶	350
M490139-30	BOTANIST 24年夏季植物性沐浴慕斯(滋潤型) 450mL（M490139-30）	日用品	瓶	290
M490146	中衛口罩-一類(屈)/50入	醫材	盒	80
M490184	BOTANIST受損修護護髮膜 200g（M490184）	日用品	瓶	370
M490184-30	BOTANIST受損修護護髮膜 200g（M490184-30）	日用品	瓶	220
M490191	BOTANIST受損修護護髮膏 180g（M490191）	日用品	瓶	380
M490191-30	BOTANIST受損修護護髮膏 180g（M490191-30）	日用品	瓶	400
M490218	灰色CENRA環保提袋(大)/EA	日用品	個	170
M490225	紅色CENRA環保提袋(小)/EA	日用品	個	360
M490287	日本大王體用運動超涼感濕巾 攜帶包10抽（M490287）	日用品	包	400
M490287-30	日本大王體用運動超涼感濕巾 攜帶包10抽（M490287-30）	日用品	包	280
M490294	日本大王體用運動超涼感濕巾 攜帶包30抽（M490294）	日用品	包	250
M490294-30	日本大王體用運動超涼感濕巾 攜帶包30抽（M490294-30）	日用品	包	300
M490304	日本大王奢侈保濕柔霜濕巾 攜帶包28抽（M490304）	日用品	包	400
M490304-30	日本大王奢侈保濕柔霜濕巾 攜帶包28抽（M490304-30）	日用品	包	210
M490311	日本獅王固齒佳晶亮美齒組	日用品	組	390
M490328	日本獅王百適齦專業牙周護理牙膏 牙周特護DX 85g	日用品	個	70
M490335	日本獅王百適齦牙周專業牙周護理牙膏 抗敏修護 85g	日用品	個	250
M490342	日本獅王百適齦專業牙周護理牙膏 口臭吸附 85g	日用品	個	270
M490359	日本獅王百適齦專業牙周護理牙膏 低刺激凝膠 85g	日用品	個	260
M490366	日本獅王百適齦專業牙周護理漱口水 450ml	日用品	個	70
M490373	日本獅王固齒佳PRO極淨舒齦牙刷超小頭	日用品	個	210
M490397	日本大王ELIS日夜無憂褲型棉(黑) L-L 2P（M490397）	日用品	包	350
M490397-30	日本大王ELIS日夜無憂褲型棉(黑) L-L 2P（M490397-30）	日用品	包	300
M490469	BOTANIST松本清限定組合(滋潤)（M490469）	日用品	組	320
M490469-30	BOTANIST松本清限定組合(滋潤)（M490469-30）	日用品	組	330
M490476	BOTANIST松本清限定組合(清爽)（M490476）	日用品	組	70
M490476-30	BOTANIST松本清限定組合(清爽)（M490476-30）	日用品	組	100
M490562	百齡護牙周到PRO全效牙膏-深層潔淨配方(H)	日用品	個	210
M490579	百齡護牙周到PRO全效牙膏-清新抗敏配方(H)	日用品	個	360
M490586	百齡護牙周到PRO全效牙膏-清涼淨白配方(H)	日用品	個	120
M490603	綠的水感抗菌沐浴露-鼠尾草1000ML	日用品	瓶	80
M490610	綠的水感抗菌沐浴露-黑醋栗1000ML	日用品	瓶	350
M490610-30	BOTANIST 25年春季植物性沐浴乳(深層保濕型)（M490610-30）	日用品	瓶	140
M490627	BOTANIST ROOTH洗髮精（M490627）	日用品	瓶	290
M490627-30	BOTANIST ROOTH洗髮精（M490627-30）	日用品	瓶	290
M490634	BOTANIST ROOTH潤髮乳（M490634）	日用品	瓶	130
M490634-30	BOTANIST ROOTH潤髮乳（M490634-30）	日用品	瓶	350
M490696-30	BOTANIST 25年春季植物性沐浴乳(滋潤型)（M490696-30）	日用品	瓶	300
M490713	中衛醫療口罩-成人立體-3D酷黑(30片/盒)(H)	醫材	盒	200
M490720	中衛醫療口罩-成人立體-3D SIMPLY WHITE白(30片/盒)(H)	醫材	盒	200
M490737	中衛醫療口罩-成人立體-3D Purely Nude 40度(30片/盒)(H)	醫材	盒	230
M490744	中衛醫療口罩-成人立體-3D Purely Nude 55度(30片/盒)(H)	醫材	盒	100
M490751	BOTANIST 25年春季植物性洗髮精(滋潤型) 460mL（M490751）	日用品	瓶	60
M490751-30	BOTANIST 25年春季植物性洗髮精(滋潤型) 460mL（M490751-30）	日用品	瓶	210
M490768	BOTANIST 25年春季植物性潤髮乳(滋潤型) 460g（M490768）	日用品	瓶	290
M490768-30	BOTANIST 25年春季植物性潤髮乳(滋潤型) 460g（M490768-30）	日用品	瓶	70
M490775	BOTANIST 25年春季植物性洗髮精(清爽型) 460mL（M490775）	日用品	瓶	300
M490775-30	BOTANIST 25年春季植物性洗髮精(清爽型) 460mL（M490775-30）	日用品	瓶	130
M490782	BOTANIST 25年春季植物性潤髮乳(清爽型) 460g（M490782）	日用品	瓶	110
M490782-30	BOTANIST 25年春季植物性潤髮乳(清爽型) 460g（M490782-30）	日用品	瓶	290
M490799	BOTANIST 25年春季植物性洗髮精(受損護理型) 460mL（M490799）	日用品	瓶	120
M490799-30	BOTANIST 25年春季植物性洗髮精(受損護理型) 460mL（M490799-30）	日用品	瓶	340
M490809	BOTANIST 25年春季植物性潤髮乳(受損護理型) 460g（M490809）	日用品	瓶	150
M490809-30	BOTANIST 25年春季植物性潤髮乳(受損護理型) 460g（M490809-30）	日用品	瓶	350
M490919	日本大王ELIS日夜無憂褲型棉(黑) M-L 2P_家樂福（M490919）	日用品	包	190
M490919-30	日本大王ELIS日夜無憂褲型棉(黑) M-L 2P_家樂福（M490919-30）	日用品	包	140
M490926	日本大王ELIS日夜無憂褲型棉(黑) L-LL 2P_家樂福（M490926）	日用品	包	200
M490926-30	日本大王ELIS日夜無憂褲型棉(黑) L-LL 2P_家樂福（M490926-30）	日用品	包	70
M490995	日本大王 elleair奢侈保濕柔霜面紙-輕巧包(130抽x3包)（M490995）	日用品	包	340
M490995-30	日本大王 elleair奢侈保濕柔霜面紙-輕巧包(130抽x3包)（M490995-30）	日用品	包	70
M491006	日本大王 elleair柔膚抽取式面紙-輕巧包(160抽x8包)（M491006）	日用品	包	360
M491006-30	日本大王 elleair柔膚抽取式面紙-輕巧包(160抽x8包)（M491006-30）	日用品	包	150
M491013	日本大王 elleair柔膚抽取式面紙-攜帶包(10抽x6包)（M491013）	日用品	包	70
M491013-30	日本大王 elleair柔膚抽取式面紙-攜帶包(10抽x6包)（M491013-30）	日用品	包	130
M491020	日本大王+water水潤柔感面紙-輕巧包(120抽x5包)（M491020）	日用品	包	240
M491020-30	日本大王+water水潤柔感面紙-輕巧包(120抽x5包)（M491020-30）	日用品	包	70
M491037	日本大王+water水潤柔感面紙-攜帶包(14抽x4包)（M491037）	日用品	包	70
M491037-30	日本大王+water水潤柔感面紙-攜帶包(14抽x4包)（M491037-30）	日用品	包	130
M491044	日本大王 elleair 超吸收廚房紙巾(50抽x4捲)（M491044）	日用品	包	340
M491044-30	日本大王 elleair 超吸收廚房紙巾(50抽x4捲)（M491044-30）	日用品	包	390
M491051	日本大王 elleair溫水洗淨便座專用衛生紙(無味)4捲入（M491051）	日用品	包	350
M491051-30	日本大王 elleair溫水洗淨便座專用衛生紙(無味)4捲入（M491051-30）	日用品	包	250
M491068	日本大王 elleair溫水洗淨便座專用衛生紙(花香)4捲入（M491068）	日用品	包	350
M491068-30	日本大王 elleair溫水洗淨便座專用衛生紙(花香)4捲入（M491068-30）	日用品	包	180
M491075	日本大王 elleair抑臭+天然淨味捲筒衛生紙潔淨8捲入(舒香型)（M491075）	日用品	包	400
M491075-30	日本大王 elleair抑臭+天然淨味捲筒衛生紙潔淨8捲入(舒香型)（M491075-30）	日用品	包	190
M491082	日本大王 elleair抑臭+天然淨味捲筒衛生紙潔淨8捲入(微香型)（M491082）	日用品	包	140
M491082-30	日本大王 elleair抑臭+天然淨味捲筒衛生紙潔淨8捲入(微香型)（M491082-30）	日用品	包	280
M491099	獅王Charmy Magica速乾洗潔精 柑橘薄荷 220ml/BT	日用品	瓶	130
M491109	獅王Charmy Magica速乾洗潔精 白玫瑰 220ml/BT	日用品	瓶	330
M491116	獅王Charmy Magica濃縮洗潔精葡萄柚 220ml/BT	日用品	瓶	220
M491123	獅王Charmy Magica噴槍型噴霧洗潔精柑橙 300ml/BT	日用品	瓶	320
M491130	日本獅王香氛柔軟濃縮洗衣精甜蜜花果香 850g/BT	日用品	瓶	130
M491147	日本LION浴槽免刷洗瞬效清潔噴霧清新柑橘 500ml/BT	日用品	瓶	140
M491154	雙氟防蛀兒童漱口水500ML(花栗鼠瓶)-蘋果蘇打香味	日用品	瓶	300
M491161	百齡護牙周到-護齦長效清新漱口水750ML	日用品	瓶	100
M491178	百齡護牙周到-護齦琺瑯質修護漱口水750ML	日用品	瓶	240
M491185	綠的抗菌洗沐旅行組	日用品	組	300
M491192	綠的男士超淨效三合一潔淨露_200ML	日用品	瓶	370
M491219	BOTANIST 25年春季植物性沐浴乳(深層保濕型)（M491219）	日用品	瓶	210
M491219-30	BOTANIST 25年春季植物性沐浴乳(深層保濕型)（M491219-30）	日用品	瓶	290
M491226	BOTANIST 25年春季植物性沐浴乳(滋潤型)（M491226）	日用品	瓶	310
M491226-30	BOTANIST 25年春季植物性沐浴乳(滋潤型)（M491226-30）	日用品	瓶	240
M491233	百齡乳酸酵素漱口水-水果薄荷700ML	日用品	瓶	190
M491240	百齡乳酸酵素漱口水-瑪黛茶薄荷700ML	日用品	瓶	270
M491257	百齡乳酸酵素漱口水-瑪黛茶薄荷100ML	日用品	瓶	280
M491264	百齡乳酸酵素漱口水-水果薄荷10ML*10入	日用品	包	280
M491271	百齡乳酸酵素漱口水-瑪黛茶薄荷10ML*10入	日用品	包	140
M491288	中衛醫療口罩-酷黑(50入/盒)(H)	醫材	盒	100
M491295	中衛醫療口罩-深丹寧(50入/盒)(H)	醫材	盒	140
M491305	中衛醫療口罩-麥飯石灰(50入/盒)(H)	醫材	盒	220
M491312	中衛醫療口罩-櫻花粉(50入/盒)(H)	醫材	盒	120
M491329	綠的植物抗菌潔手慕斯-奇幻森林 400ML	日用品	個	270
M491367	菲那絲植物系列蓬鬆清爽洗髮精480G	日用品	瓶	270
M491374	菲那絲植物系列蓬鬆清爽潤髮乳480G	日用品	瓶	190
M491381	菲那絲植物系列亮澤柔順洗髮精480G	日用品	瓶	340
M491398	菲那絲植物系列亮澤柔順潤髮乳480G	日用品	瓶	150
M491408	菲那絲植物系列強韌修護洗髮精480G	日用品	瓶	230
M491415	菲那絲植物系列強韌修護潤髮乳480G	日用品	瓶	190
M491422	菲那絲植物系列強韌修護洗髮精65G	日用品	瓶	230
M491439	大王Natura 娜舒雅日夜用輕失禁吸水棉 85cc/20片	日用品	包	70
M491446	大王Natura 娜舒雅日夜用輕失禁吸水棉 130cc/16片	日用品	包	370
M491518	BOTANIST ROOTH 髮根強健系列體驗組	日用品	件	260
M491525	日本獅王趣淨抗菌洗手慕斯250ml花香	日用品	瓶	170
M491532	中衛醫療口罩- 酷黑25片+麥飯石灰25片(50片/盒)PX	醫材	盒	90
M491549	綠的綠極淨植物酵素洗碗精-高效去油1000ML	日用品	個	370
M491556	綠的綠極淨植物酵素洗碗精-高效去味1000ML	日用品	個	220
M491563	綠的綠極淨植物酵素洗衣精-抗菌消臭2000ML	日用品	個	340
M491570	綠的綠極淨植物酵素洗衣精-抗菌潔淨2000ML	日用品	個	200
M491666	大王Natura 娜舒雅輕失禁吸水棉 5cc/36片 17cm_2504樋口	日用品	包	120
M491673	大王Natura 娜舒雅輕失禁吸水棉 30cc/24片 20.5cm_2504樋	日用品	包	330
M491680	大王Natura 娜舒雅輕失禁吸水棉 50cc/20片 24cm_2504樋口	日用品	包	260
M491776	綠的抗菌潔手慕斯EX250ML	日用品	個	180
M491783	綠的植物抗菌潔手慕斯-水族樂園 壓棒造型款400ML	日用品	個	120
M491790	綠的植物抗菌潔手慕斯-繽紛水果 壓棒造型款400ML	日用品	個	150
M491800	綠的植物抗菌潔手慕斯-開心花園 壓棒造型款400ML	日用品	個	190
M491817	日本獅王趣淨敏弱肌專用洗手慕斯薰衣草香 450ml	日用品	瓶	400
M491824	毛毛好室寵物抗菌臭味分解噴霧-狗狗專用 無香款 300ML	日用品	個	320
M491831	毛毛好室寵物抗菌臭味分解噴霧-狗狗專用 淡香 300ML	日用品	個	360
M491848	毛毛好室寵物抗菌臭味分解噴霧-狗狗專用 濃香 300ML	日用品	個	220
M491855	毛毛好室寵物抗菌臭味分解噴霧補充瓶-狗狗專用 無香款1000ML	日用品	個	320
M491862	毛毛好室寵物抗菌臭味分解噴霧-貓貓專用 無香款 300ML	日用品	個	150
M491879	毛毛好室寵物抗菌臭味分解噴霧-貓貓專用 淡香 300ML	日用品	個	240
M491886	毛毛好室寵物抗菌臭味分解噴霧-貓貓專用 濃香 300ML	日用品	個	80
M491893	毛毛好室寵物抗菌臭味分解噴霧補充瓶-貓貓專用 無香款1000ML	日用品	個	190
M491903	毛毛好室寵物沙龍級香氛洗毛精-狗狗專用 柔順款500ML	日用品	個	370
M491910	毛毛好室寵物沙龍級香氛洗毛精-狗狗專用 蓬鬆款500ML	日用品	個	110
M491927	毛毛好室寵物滲透抗菌地板清潔劑-貓狗適用 1000ML	日用品	個	70
M491934	毛毛好室寵物高效潔耳液-貓狗適用 120ML	日用品	個	250
M491958	日本獅王趣淨敏弱肌專用洗手慕斯補充包400ml薰衣草香	日用品	包	70
M491965	愛適多基本型黏貼紙尿褲(日本機構版, L20)	日用品	包	160
M491972	大王Attento愛適多 防漏加長平口褲 M18片 (4回)	日用品	包	120
M491989	大王Attento愛適多 防漏加長平口褲 L16片(4回)	日用品	包	100
M492007	BOTANIST 25年夏季款植物性洗髮精(滋潤型)	日用品	瓶	250
M492014	BOTANIST 25年夏季植物性洗髮精(清爽型)	日用品	瓶	90
M492021	BOTANIST 25年夏季植物性沐浴乳(滋潤型)	日用品	瓶	110
M492038	BOTANIST 25年夏季植物性沐浴乳(清爽型)	日用品	瓶	180
M492045	BOTANIST 25年秋季款植物性洗髮精(滋潤型)	日用品	瓶	240
M492052	BOTANIST 25年秋季植物性洗髮精(清爽型)	日用品	瓶	130
M492069	BOTANIST 25年秋季植物性沐浴乳(滋潤型)	日用品	瓶	210
M492076	中衛醫療口罩30片-3Dv 酷黑(屈)	醫材	盒	200
M492083	中衛醫療口罩30片-3Dv 麥飯石灰(屈)	醫材	盒	90
M492131	百齡護牙周到超級護齦W漱口水-晶鹽薄荷(PX版) 750ML	日用品	瓶	190
M492193	大王ATTENTO愛適多體用濕巾70抽	日用品	包	110
M492203	大王ATTENTO愛適多加大型體用濕巾30抽	日用品	包	110
M492210	BO洗髮精補充包(受損護理)	日用品	包	170
M492227	BO潤髮乳(髮肌淨化)	日用品	瓶	260
M492234	BO洗髮精(受損護理)	日用品	瓶	380
M492241	BO洗髮精補充包(清爽柔順)	日用品	包	400
M492258	BO潤髮乳(受損護理)	日用品	瓶	170
M492265	BO洗髮精(清爽柔順)	日用品	瓶	190
M492272	BO潤髮乳(彈潤蓬鬆)	日用品	瓶	330
M492289	BO洗髮精(彈潤蓬鬆)	日用品	瓶	350
M492296	BO洗髮精(髮肌淨化)	日用品	瓶	280
M492306	BO潤髮乳(滋潤型)	日用品	瓶	240
M492313	BO洗髮精補充包(髮肌淨化)	日用品	包	110
M492320	BO潤髮乳(清爽柔順)	日用品	瓶	230
M492337	BO沐浴乳(深層保濕)	日用品	瓶	350
M492344	BO洗髮精補充包(彈潤蓬鬆)	日用品	包	400
M492351	BO洗髮精(滋潤)	日用品	瓶	160
M492368	BO洗髮精補充包(滋潤)	日用品	包	330
M492375	大王Natura 娜舒雅日夜用輕失禁吸水棉 85cc/20片_2507樋口	日用品	包	270
M492382	大王Natura 娜舒雅日夜用輕失禁吸水棉 130cc/16片_2507樋口	日用品	包	80
M492409	裕民紫色環保提袋(小)	日用品	個	390
M492416	綠的抗菌皂琥珀木質5入組-100G*5入	日用品	組	240
M492430	中衛WATERHIGH 水嗨沖泡隨身包-蔓越莓風味(10包/盒)	保健品	盒	1440
M492447	中衛WATERHIGH 水嗨沖泡隨身包-檸檬風味(10包/盒)	保健品	盒	1040
M492454	中衛WATERHIGH 水嗨沖泡隨身包-紅心芭樂風味(10包/盒)	保健品	盒	1050
M492461	中衛護理隨身包(新包裝)(屈)	醫材	組	300
M492478	中衛護理隨身包(新包裝)	醫材	組	440
M492485	中衛IKIGAI 牙粉-石榴薄荷35G	日用品	盒	130
M492492	中衛IKIGAI 牙粉-龍井苑35G	日用品	盒	140
M492502	中衛IKIGAI 牙粉-葡萄柚白花35G	日用品	盒	270
M492519	中衛IKIGAI 漱口水-海洋薄荷450ML	日用品	瓶	340
M492526	中衛IKIGAI 漱口水-薄荷450ML	日用品	瓶	400
M492564	綠的水感抗菌沐浴露-鼠尾草補充1000ML	日用品	個	370
M492571	綠的水感抗菌沐浴露-茶樹補充1000ML	日用品	個	180
M492588	綠的水感抗菌沐浴露-清新海洋加侖桶	日用品	個	370
M492595	綠的水感抗菌沐浴露-茶樹加侖桶	日用品	個	70
M492612	綠的抗菌皂-草本純萃 100g*3/SET	日用品	組	350
M492629	綠的抗菌皂-草本純萃 100g*6/SET	日用品	組	160
M492636	綠的水感抗菌沐浴露-香檸海鹽1000ML	日用品	瓶	80
M492643	綠的水感抗菌沐浴露-薰衣草1000ML	日用品	瓶	180
M492650	日本大王ELIS日夜無憂褲型棉(黑) M-L 4P	日用品	包	110
M492667	日本大王ELIS日夜無憂褲型棉(黑) L-LL 4P	日用品	包	60
M492674	復健褲試用包-M/2片	日用品	包	200
M492681	復健褲試用包-L/2片	日用品	包	70
M492698	元氣褲試用包-M/2片	日用品	包	350
M492708	元氣褲試用包-L/2片	日用品	包	130
M492715	8回褲型試用包-M/2片	日用品	包	90
M492722	8回褲型試用包-L/2片	日用品	包	370
M492739	側背雙防漏-試用包L/2片	日用品	包	120
M492746	側背雙防漏L+夜用6回尿片 2片	日用品	包	110
M492825	綠的弱酸溫和抗菌潔手露加侖桶-青草&檸檬草	日用品	個	240
M492832	毛毛好室雙效益生菌-免疫好平衡 1.5GX30包	日用品	盒	230
M492849	毛毛好室雙效益生菌-行動好表現 1.5GX30包	日用品	盒	240
M492856	毛毛好室雙效益生菌-泌尿好守護 1.5GX30包	日用品	盒	130
M492863	毛毛好室雙效益生菌-安穩好心情 1.5GX30包	日用品	盒	370
M492870	綠的綠極淨超油去廚房清潔劑 450ML	日用品	瓶	330
M492887	日本獅王NONIO終結口氣全效護齦漱口水 1000ML	日用品	瓶	260
M492894	日本獅王固齒佳MIGACOT旅行組	日用品	組	160
M492904	日本獅王固齒佳PRO酵素護齦牙膏 95G	日用品	個	280
M492911	獅王細潔寬薄極上牙刷超小頭	日用品	個	250
M492928	百齡雙氟防蛀兒童漱口水-草莓奶昔500ML(花栗鼠瓶)	日用品	瓶	200
M492935	百齡雙氟防蛀兒童牙膏-草莓奶昔70G	日用品	個	390
M492942	百齡雙氟防蛀兒童牙膏-蘋果蘇打70G	日用品	個	370
M492959	綠的綠極淨洗碗精-高效去油 450ML	日用品	瓶	230
M492966	綠的綠極淨洗碗精-高效去味 450ML	日用品	瓶	360
M492973	綠的綠極淨洗碗精補充瓶-高效去油 1000ML	日用品	瓶	360
M492980	綠的綠極淨洗碗精補充瓶-高效去味 1000ML	日用品	瓶	160
M492997	綠的植物抗菌潔手慕斯補充瓶-水族樂園650ML	日用品	瓶	250
M493008	綠的植物抗菌潔手慕斯補充瓶-開心花園650ML	日用品	瓶	160
M493015	綠的植物抗菌潔手慕斯補充瓶-繽紛水果650ML	日用品	瓶	180
M493084	毛毛好室寵物機能型凍乾-高齡貓狗適用-雞肉 40G	日用品	包	230
M493091	毛毛好室寵物機能型凍乾-高齡貓狗適用-櫻桃鴨肉30G	日用品	包	90
M493101	毛毛好室寵物機能型凍乾-幼齡貓狗適用-雞肉40G	日用品	包	240
M493118	毛毛好室寵物機能型凍乾-幼齡貓狗適用-牛肉 40G	日用品	包	240
M493125	毛毛好室寵物機能型凍乾-挑食貓狗適用-台灣鯛魚30G	日用品	包	170
M493132	毛毛好室寵物機能型凍乾-挑食貓狗適用-虱目魚40G	日用品	包	130
M493149	毛毛好室寵物機能型凍乾-高齡貓狗適用-雞肉 10G	日用品	包	350
M493156	毛毛好室寵物機能型凍乾-高齡貓狗適用-櫻桃鴨肉 8G	日用品	包	200
M493163	毛毛好室寵物機能型凍乾-幼齡貓狗適用-雞肉 10G	日用品	包	330
M493170	毛毛好室寵物機能型凍乾-幼齡貓狗適用-牛肉 10G	日用品	包	200
M493187	毛毛好室寵物機能型凍乾-挑食貓狗適用-台灣鯛魚 8G	日用品	包	220
M493194	毛毛好室寵物機能型凍乾-挑食貓狗適用-虱目魚 10G	日用品	包	310
M493228	BOTANIST 26年春季植物性洗髮精(滋潤型)	日用品	瓶	210
M493235	BOTANIST 26年春季植物性洗髮精(清爽柔順型)	日用品	瓶	60
M493242	BOTANIST 26年春季植物性洗髮精(受損護理型)	日用品	瓶	190
M493259	BOTANIST 26年春季植物性沐浴乳(滋潤型)	日用品	瓶	210
M493266	BOTANIST 26年春季植物性沐浴慕斯(滋潤型)	日用品	瓶	250
M493321	BOTANIST 靜謐木香洗髮精460mL	日用品	瓶	100
M493338	BOTANIST 靜謐木香潤髮乳460g	日用品	瓶	170
M493345	愛麗思CLINICS吸收量升級量特多專用衛生棉40CM6入X3包	日用品	包	70
M493352	百齡兒童漱口水100ML-草莓奶昔	日用品	瓶	60
M493369	百齡護牙周到-護齦晶鹽抗菌漱口水750ML	日用品	瓶	350
M493376	綠的抗菌潔手慕斯-草原泡泡(2026股東會贈品)	日用品	個	140
M493383	綠的抗菌潔手慕斯-花朵泡泡(2026股東會贈品)	日用品	個	250
M493390	綠的抗菌潔手慕斯-海洋泡泡(2026股東會贈品)	日用品	個	330
M493400	中衛醫療口罩-麥飯石灰(5入/袋)(H)	醫材	包	100
M493417	中衛醫療口罩-酷黑(5入/袋)(H)	醫材	包	250
M493424	菲那絲擴香瓶-玫瑰花茶香	日用品	瓶	120
M493431	中衛兒童口罩-天空藍(30入/盒)(H)	醫材	盒	180
M493448	中衛兒童口罩-海芋黃(30入/盒)(H)	醫材	盒	200
M493455	中衛醫療口罩-刷淡牛仔(30入/盒)(H)	醫材	盒	170
M493462	中衛醫療口罩-天空藍(50入/盒)(H)	醫材	盒	80
M493479	中衛醫療口罩-丹寧牛仔(30入/盒)(H)	醫材	盒	100
M493527	日本大王Kimiomoi 褲型尿布 SSS-S 30枚	日用品	包	180
M493534	日本大王Kimiomoi 褲型尿布 M-L 26枚	日用品	包	320
M493541	日本大王Kimiomoi 褲型尿布 L 20枚	日用品	包	330
M493558	日本大王Kimiomoi 黏貼型尿布 SSS 42枚	日用品	包	140
M493565	日本大王Kimiomoi 黏貼型尿布 SS 38枚	日用品	包	180
M493572	日本大王Kimiomoi 黏貼型尿布 S 36枚	日用品	包	370
M493589	日本大王Kimiomoi 黏貼型尿布 M 34枚	日用品	包	380
M493596	日本大王Kimiomoi 黏貼型尿布 L 32枚	日用品	包	380
M493606	日本大王Kimiomoi 凝結型紙砂(尿液pH值) 5L	日用品	包	330
M493675	大王NATURA娜舒雅黑色褲型輕失禁吸水棉 150CC/7片 M-L	日用品	包	60
M493682	中衛-酒精棉片(3032) 100pcs	醫材	盒	690
M493699	中衛-酒精棉片(3035) 20pcs	醫材	盒	440
M493709	中衛-優碘棉片 12pcs	醫材	盒	880
M493716	中衛-博拭酒精濕巾	日用品	盒	70
M493723	中衛-博拭純水清淨棉	醫材	盒	800
M493730	中衛-藥用紗布-滅菌紗布墊5cmX5cm-8PLY 10pcs	醫材	盒	330
M493747	中衛-滅菌棉棒-7.5cm 10pcs	醫材	包	400
M493754	中衛-滅菌棉棒-15cm 10pcs	醫材	包	720
M493761	中衛-滅菌口腔棉棒-15cm 10pcs	醫材	包	510
M493778	中衛-滅菌沖洗棉棒-15cm 6pcs	醫材	包	730
M493785	中衛-醫療用棉墊-滅菌速癒膜7.5cmX7.5cm	醫材	盒	350
M493792	中衛-博拭潔牙濕巾 30pcs	日用品	盒	280
M493802	中衛-藥用紗布-滅菌紗布墊7.5cmX7.5cm-8PLY 10pcs	醫材	盒	650
M493819	中衛-舒怡安網狀彈性繃帶-手指 30cm	醫材	個	400
M493826	中衛-護理隨身包（M493826）	醫材	組	900
M493833	中衛-醫療用棉墊-滅菌速癒膜10cmX10cm 1pcs	醫材	盒	420
M493840	中衛-舒怡安網狀彈性繃帶-手部 30cm	醫材	個	400
M493857	中衛-藥用紗布-滅菌紗布墊10cmX10cm-8PLY 10pcs	醫材	盒	880
M493864	中衛-舒怡安網狀彈性繃帶-頭部 腿部 25cm	醫材	個	160
M493871	日本獅王奈米樂超濃縮抗菌洗衣精潔淨消臭（M493871）	日用品	瓶	90
M493888	日本獅王奈米樂超濃縮抗菌洗衣精室內晾衣（M493888）	日用品	瓶	400
M493895	日本獅王奈米樂超濃縮抗菌洗衣精加強去漬	日用品	瓶	210
M493905	日本獅王奈米樂超濃縮抗菌洗衣精補充包潔淨消臭（M493905）	日用品	包	200
M493912	日本獅王奈米樂超濃縮抗菌洗衣精補充包室內晾衣（M493912）	日用品	包	180
M493929	獅王Charmy Magica濃縮洗潔精 葡萄柚(康是美處方簽贈品)	日用品	瓶	370
M493936	大王愛適多日用安心透氣加長版2602(小橘)(500cc量多型/42片)	日用品	包	240
M493943	百齡環保強韌雙線牙線棒(50支入)（M493943）	日用品	包	280
M493974	毛毛好室雙效益生菌-免疫好平衡試用包 1.5GX2包	日用品	包	150
M493981	毛毛好室雙效益生菌-行動好表現試用包 1.5GX2包	日用品	包	400
M493998	毛毛好室雙效益生菌-泌尿好守護試用包 1.5GX2包	日用品	包	290
M494009	毛毛好室雙效益生菌-安穩好心情試用包 1.5GX2包	日用品	包	320
M494061	中衛醫療口罩30片-3Dv深色(不挑色)(屈)	醫材	盒	200
M494078	中衛醫療口罩30片-3Dv淺色(不挑色)(屈)	醫材	盒	80
M494085	獅王植物物語清爽明亮洗面乳 130G	日用品	個	340
M494092	獅王植物物語淨膚調理洗面乳 130G	日用品	個	360
M494102	獅王植物物語浸潤溫和洗面乳 130G	日用品	個	80
M494119	獅王植物物語深層潔淨洗面乳 130G	日用品	個	140
M494212	綠的綠極淨超油去廚房清潔劑補充瓶 450ML	日用品	瓶	350
M494229	大王愛適多超透氣舒適復健褲M 22片	日用品	包	290
M494236	大王愛適多超透氣舒適復健褲L 20片	日用品	包	370
M494243	大王愛適多長時間元氣褲M 18片	日用品	包	310
M494250	大王愛適多長時間元氣褲L 16片	日用品	包	280
M901583	大王超薄17PX條碼貼	日用品	個	290
M901600	大王無漂白廚紙PX條碼貼	日用品	個	310
M901617	舒適復健褲L~LL PX條碼貼	日用品	個	220
M901624	舒適復健褲M~L PX條碼貼	日用品	個	160
M901727	大王清爽超薄23-黑色(20片)PX條碼貼	日用品	個	330
